subaward_number,prime_award_piid,prime_award_parent_piid,subaward_amount,subaward_action_date,subaward_report_year,subaward_report_month,prime_awarding_agency_code,prime_awarding_agency_name,prime_awarding_sub_agency_code,prime_awarding_sub_agency_name,prime_awarding_office_code,prime_awarding_office_name,prime_award_principal_place_city,prime_award_principal_place_state,prime_award_principal_place_zip,prime_award_principal_place_country,prime_awardee_duns,prime_awardee_name,subawardee_duns,subawardee_name,subawardee_dba_name,subawardee_parent_duns,subawardee_address_line_1,subawardee_city_name,subawardee_state_code,subawardee_zip_4,subawardee_congressional_district,subawardee_country_code,subawardee_foreign_postal_code,subaward_primary_place_of_performance_address_line_1,subaward_primary_place_of_performance_city_name,subaward_primary_place_of_performance_state_code,subaward_primary_place_of_performance_address_zip_4,subaward_primary_place_of_performance_congressional_district,subaward_primary_place_of_performance_country_code,subaward_description,subaward_naics_code,subaward_naics_description,subawardee_business_type_code,subawardee_business_type_description
BAPSLE-USIS,HSCECR14F00046,HSCEMS14A00011,1100746.08,2014-11-04,2016,2,070,DEPARTMENT OF HOMELAND SECURITY (DHS),7012,U.S. IMMIGRATION AND CUSTOMS ENFORCEMENT,70CDCR,DETENTION COMPLIANCE AND REMOVALS,LAGUNA NIGUEL,CA,926771123,USA,608717450,"XL ASSOCIATES, INC.",159836121,"PAE PROFESSIONAL SERVICES, INC.",,968071493,7799 LEESBURG PIKE STE 400 S,FALLS CHURCH,VA,220432408,08,USA,,,LAGUNA NIGEL,CA,220432408,08,USA,OBTAIN PROFESSIONAL SUPPORT SERVICES TO CONDUCT DRIL CALL CENTER OPERATIONS.,541611,ADMINISTRATIVE MANAGEMENT AND GENERAL MANAGEMENT CONSULTING SERVICES,,
BAPSLE-USIS (PAE),HSCECR14F00046,HSCEMS14A00011,1513705.99,2014-11-14,2017,2,070,DEPARTMENT OF HOMELAND SECURITY (DHS),7012,U.S. IMMIGRATION AND CUSTOMS ENFORCEMENT,70CDCR,DETENTION COMPLIANCE AND REMOVALS,LAGUNA NIGUEL,CA,926771123,USA,608717450,"XL ASSOCIATES, INC.",159836121,PAE PROFESSIONAL SERVICES LLC,,968071493,7799 LEESBURG PIKE STE 300 N,FALLS CHURCH,VA,220432408,08,USA,,,LAGUNA NIGUEL,CA,92677,48,USA,PROVIDE CALL CENTER AND DATA ANALYST SUPPORT TO THE DETENTION REPORTING INFORMATION LINE FOR IMMIGRATION AND CUSTOMS ENFORCEMENT,541611,ADMINISTRATIVE MANAGEMENT AND GENERAL MANAGEMENT CONSULTING SERVICES,,
2016-PAE-1085-001,HSCECR14F00046,HSCEMS14A00011,1991094.39,2014-09-30,2018,2,070,DEPARTMENT OF HOMELAND SECURITY (DHS),7012,U.S. IMMIGRATION AND CUSTOMS ENFORCEMENT,70CDCR,DETENTION COMPLIANCE AND REMOVALS,LAGUNA NIGUEL,CA,926771123,USA,608717450,"XL ASSOCIATES, INC.",159836121,PAE PROFESSIONAL SERVICES LLC,,968071493,7799 LEESBURG PIKE STE 300 N,FALLS CHURCH,VA,220432408,08,USA,,,LAGUNA NIGUEL,CA,926773401,48,USA,PROVIDE PROFESSIONAL SUPPORT SERVICES FOR A ICE CALL CENTER.,541611,ADMINISTRATIVE MANAGEMENT AND GENERAL MANAGEMENT CONSULTING SERVICES,,
STGI-7056,HSCECR12F00048,V797P7026A,121954528.75,2012-08-01,2013,9,070,DEPARTMENT OF HOMELAND SECURITY (DHS),7012,U.S. IMMIGRATION AND CUSTOMS ENFORCEMENT,70CDCR,DETENTION COMPLIANCE AND REMOVALS,WASHINGTON,DC,205365098,USA,019992424,INGENESIS INCORPORATED,179570403,"STG INTERNATIONAL, INC.",,,99 CANAL CENTER PLZ STE 500,ALEXANDRIA,VA,223141559,08,USA,,,ALEXANDRIA,VA,223145504,08,USA,TO SUPPLY HEALTHCARE STAFFING TO THE IMMIGRATION AND CUSTOMS ENFORCEMENT HEALTH SERVICES CORPS.,621111,OFFICES OF PHYSICIANS (EXCEPT MENTAL HEALTH SPECIALISTS),,
13CS0092,HSCEMS13J00001,HSSS0112D0008,80033.00,2013-10-24,2013,10,070,DEPARTMENT OF HOMELAND SECURITY (DHS),7012,U.S. IMMIGRATION AND CUSTOMS ENFORCEMENT,70CMSW,MISSION SUPPORT WASHINGTON,WASHINGTON,DC,205365000,USA,125834866,PERATON INC.,622594492,"KNIGHT POINT SYSTEMS, LLC",,,1775 WIEHLE AVE STE 101,RESTON,VA,201905109,08,USA,,,RESTON,VA,201905109,08,USA,HUB 1 - SUB LABOR,334220,RADIO AND TELEVISION BROADCASTING AND WIRELESS COMMUNICATIONS EQUIPMENT MANUFACTURING,,
13CS0070,HSCEMS13J00001,HSSS0112D0008,1491899.00,2013-05-06,2013,5,070,DEPARTMENT OF HOMELAND SECURITY (DHS),7012,U.S. IMMIGRATION AND CUSTOMS ENFORCEMENT,70CMSW,MISSION SUPPORT WASHINGTON,WASHINGTON,DC,205365000,USA,125834866,PERATON INC.,053506312,COMPUTER SCIENCES CORPORATION,,009581091,15245 SHADY GROVE RD STE 200,ROCKVILLE,MD,208506247,08,USA,,,ROCKVILLE,MD,208506247,08,USA,WASH DC - SUB LABOR,334220,RADIO AND TELEVISION BROADCASTING AND WIRELESS COMMUNICATIONS EQUIPMENT MANUFACTURING,,
13CS0081A,HSCEMS13J00001,HSSS0112D0008,652116.00,2013-06-05,2013,6,070,DEPARTMENT OF HOMELAND SECURITY (DHS),7012,U.S. IMMIGRATION AND CUSTOMS ENFORCEMENT,70CMSW,MISSION SUPPORT WASHINGTON,WASHINGTON,DC,205365000,USA,125834866,PERATON INC.,131873457,"WHITNEY, BRADLEY & BROWN INC.",,131873457,11790 SUNRISE VALLEY DR,RESTON,VA,201911440,08,USA,,,RESTON,VA,201911440,08,USA,OPTIONAL LABOR - WBB,334220,RADIO AND TELEVISION BROADCASTING AND WIRELESS COMMUNICATIONS EQUIPMENT MANUFACTURING,,
IM71456,HSCETE15F00035,GS35F0265X,8886327.00,2015-04-30,2015,4,070,DEPARTMENT OF HOMELAND SECURITY (DHS),7012,U.S. IMMIGRATION AND CUSTOMS ENFORCEMENT,ITD00,INFORMATION TECHNOLOGY DIVISION,MC LEAN,VA,221022944,USA,098692374,"IMMIXTECHNOLOGY, INC.",049159957,"ARROW ELECTRONICS, INC.",,049159957,9201 E DRY CREEK RD,CENTENNIAL,CO,801122818,06,USA,,,MCLEAN,VA,221022944,08,USA,DELIVERY OF IT HARWARE/SOFWARE/MAINTENANCE/SERVICE,443120,COMPUTER AND SOFTWARE STORES,,
P000026784,HSCEMS16J00065,HSSS0112D0020,5066503.05,2016-08-24,2016,8,070,DEPARTMENT OF HOMELAND SECURITY (DHS),7012,U.S. IMMIGRATION AND CUSTOMS ENFORCEMENT,70CMSW,MISSION SUPPORT WASHINGTON,WASHINGTON,DC,200650003,USA,616205675,"CACI-ISS, INC.",069373090,"MOTOROLA SOLUTIONS, INC.",,001325463,809 PINNACLE DR STE G,LINTHICUM HEIGHTS,MD,210902535,03,USA,,,LINTHICUM HEIGHTS,MD,210902535,03,USA,RADIO AND TELEVISION BROADCASTING AND WIRELESS COMMUNICATIONS EQUIPMENT MANUFACTURING,334220,RADIO AND TELEVISION BROADCASTING AND WIRELESS COMMUNICATIONS EQUIPMENT MANUFACTURING,,
A14-005893,HSCEDM16J00021,HSCEDM14D00002,4057371.20,2014-07-01,2018,1,070,DEPARTMENT OF HOMELAND SECURITY (DHS),7012,U.S. IMMIGRATION AND CUSTOMS ENFORCEMENT,70CDCR,DETENTION COMPLIANCE AND REMOVALS,MIAMI,FL,331942800,USA,832895085,"AKIMA GLOBAL SERVICES, LLC",017711888,"AKAL SECURITY, INC.",,017711888,7 INFINITY LOOP,ESPANOLA,NM,875326737,03,USA,,,MIAMI,FL,331942700,25,USA,"TO FURNISH ALL CONTRACT OVERSIGHT MANAGEMENT, SUPERVISION, TRAINED PERSONNEL, EQUIPMENT, MATERIALS, SUPPLIES, LICENSES, PERMITS, CERTIFICATES, PRE-EMPLOYMENT SCREENINGS, ADMINISTRATION AND ANY OTHER RESOURCES NECESSARY TO PROVIDE DETENTION MANAGEMENT, TRANSPORTATION AND FOOD SERVICES FOR DETAINEES AT THE KROME SPC
 ",561612,SECURITY GUARDS AND PATROL SERVICES,,
2016-TAPE-1085-004,HSCEMR15F00023,HSCEMS14A00011,3370161.32,2015-08-06,2018,2,070,DEPARTMENT OF HOMELAND SECURITY (DHS),7012,U.S. IMMIGRATION AND CUSTOMS ENFORCEMENT,70CMSR,MISSION SUPPORT ORLANDO,DALLAS,TX,752446155,USA,608717450,"XL ASSOCIATES, INC.",131788130,"TECHNICAL AND PROJECT ENGINEERING, LLC",,131788130,"6363 WALKER LANE, SUITE 300",ALEXANDRIA,VA,223103262,08,USA,,,FARMERS BRANCH,TX,752449440,24,USA,PROVIDE PROFESSIONAL SUPPORT SERVICES FOR SECURITY PROCESSING.,541611,ADMINISTRATIVE MANAGEMENT AND GENERAL MANAGEMENT CONSULTING SERVICES,,
BAPSLE-TAPE,HSCEMR15F00023,HSCEMS14A00011,2304004.52,2015-08-04,2017,2,070,DEPARTMENT OF HOMELAND SECURITY (DHS),7012,U.S. IMMIGRATION AND CUSTOMS ENFORCEMENT,70CMSR,MISSION SUPPORT ORLANDO,DALLAS,TX,752446155,USA,608717450,"XL ASSOCIATES, INC.",131788130,"TECHNICAL AND PROJECT ENGINEERING, LLC",,131788130,"6363 WALKER LANE, SUITE 300",ALEXANDRIA,VA,223103262,08,USA,,,FARMERS BRANCH,TX,752446155,24,USA,PROVIDE PERSONNEL SECURITY SUPPORT SERVICES TO IMMIGRATION AND CUSTOMS ENFORCEMENT (ICE) OFFICE OF PROFESSIONAL RESPONSIBILITY (OPR) PERSONNEL SECURITY UNIT (PSU).  ,541611,ADMINISTRATIVE MANAGEMENT AND GENERAL MANAGEMENT CONSULTING SERVICES,,
P000040325-2,HSCEMS16J00065,HSSS0112D0020,2077342.63,2017-06-22,2017,6,070,DEPARTMENT OF HOMELAND SECURITY (DHS),7012,U.S. IMMIGRATION AND CUSTOMS ENFORCEMENT,70CMSW,MISSION SUPPORT WASHINGTON,WASHINGTON,DC,200650003,USA,616205675,"CACI-ISS, INC.",069373090,"MOTOROLA SOLUTIONS, INC.",,001325463,809 PINNACLE DR STE G,LINTHICUM HEIGHTS,MD,210902535,03,USA,,,LINTHICUM HEIGHTS,MD,210902535,03,USA,RADIO AND TELEVISION BROADCASTING AND WIRELESS COMMUNICATIONS EQUIPMENT MANUFACTURING ,334220,RADIO AND TELEVISION BROADCASTING AND WIRELESS COMMUNICATIONS EQUIPMENT MANUFACTURING,,
PO24983,HSCEMS17F00073,GS07F141DA,1790980.40,2017-09-29,2017,10,070,DEPARTMENT OF HOMELAND SECURITY (DHS),7012,U.S. IMMIGRATION AND CUSTOMS ENFORCEMENT,70CMSW,MISSION SUPPORT WASHINGTON,LA VERNE,CA,917505818,USA,861004349,AARDVARK,832176382,"AXON ENTERPRISE, INC.",,832176382,17800 N 85TH ST,SCOTTSDALE,AZ,852556311,05,USA,,,SCOTTSDALE,AZ,852556311,05,USA,TASER EQUIPMENT,315990,APPAREL ACCESSORIES AND OTHER APPAREL MANUFACTURING,,
P000036555-2,HSCEMS16J00065,HSSS0112D0020,1383847.50,2017-03-24,2017,3,070,DEPARTMENT OF HOMELAND SECURITY (DHS),7012,U.S. IMMIGRATION AND CUSTOMS ENFORCEMENT,70CMSW,MISSION SUPPORT WASHINGTON,WASHINGTON,DC,200650003,USA,616205675,"CACI-ISS, INC.",097779698,"SRA INTERNATIONAL, INC.",,080011988,15036 CONFERENCE CENTER DR,CHANTILLY,VA,201513848,10,USA,,,CHANTILLY,VA,201513848,10,USA,RADIO AND TELEVISION BROADCASTING AND WIRELESS COMMUNICATIONS EQUIPMENT MANUFACTURING,334220,RADIO AND TELEVISION BROADCASTING AND WIRELESS COMMUNICATIONS EQUIPMENT MANUFACTURING,,
BAPSLE-TAPE-001,HSCEMR15F00023,HSCEMS14A00011,1332172.80,2015-07-29,2016,2,070,DEPARTMENT OF HOMELAND SECURITY (DHS),7012,U.S. IMMIGRATION AND CUSTOMS ENFORCEMENT,70CMSR,MISSION SUPPORT ORLANDO,DALLAS,TX,752446155,USA,608717450,"XL ASSOCIATES, INC.",131788130,"TECHNICAL AND PROJECT ENGINEERING, LLC",,131788130,"6363 WALKER LANE, SUITE 300",ALEXANDRIA,VA,223103262,08,USA,,,FARMERS BRANCH,TX,221822264,08,USA,"THIS SUBCONTRACT PROVIDES SUPPORT TO XLA'S EFFORTS AT IMMIGRATION AND CUSTOMS ENFORCEMENT (ICE), OFFICE OF PERSONNEL MANAGEMENT (OPR), PERSONNEL SECURITY UNIT (PSU)TO PROVIDE PERSONNEL SECURITY PROCESSING ACTIONS SUPPORT. ",541611,ADMINISTRATIVE MANAGEMENT AND GENERAL MANAGEMENT CONSULTING SERVICES,,
BAE311ICE,HSCETC11F00006,GS06F0631Z,1265007.54,2011-09-02,2012,5,070,DEPARTMENT OF HOMELAND SECURITY (DHS),7012,U.S. IMMIGRATION AND CUSTOMS ENFORCEMENT,70CTD0,INFORMATION TECHNOLOGY DIVISION,ROCKVILLE,MD,208506379,USA,964553812,"INFOZEN, LLC",004649125,BAE SYSTEMS INFORMATION SOLUTIONS INC.,,217304393,2525 NETWORK PL,HERNDON,VA,201713514,10,USA,,,WASHINGTON,DC,200052710,AL,USA,"BAE SHALL PROVIDE EXPERIENCED AND  DHS ICE PUBLIC TRUST CLEARABLE PERSONNEL  TO SUPPORT ONGOING AND ALL NEW INFORMATION TECHNOLOGY ENGINEERING WORK AND EFFECTIVELY SUPPORT ALL ASSIGNED GOALS AND MISSION OF THE ENGINEERING DIVISION AND ITS SUBORDINATE BRANCHES AND PROGRAMS.
 
 2.0 DESCRIPTION OF SERVICES
 
   PROVIDE EXPERIENCED PERSONNEL TO EFFECTIVELY SUPPORT GOALS AND MISSION OF THE ENGINEERING DIVISION AND ITS SUBORDINATE BRANCHES AND PROGRAMS.
   USE ICE EMAIL FOR ALL EMAIL COMMUNICATIONS AND OFFICE COMMUNICATOR SERVICE FOR ALL MESSAGING WITHIN ICE.
   BE PROFICIENT IN MICROSOFT OFFICE APPLICATIONS INCLUDING MICROSOFT PROJECT AND VISIO.
   ADHERE TO ICE AND DHS CHANGE CONTROL PROCESSES. UTILIZE THE ICE REMEDY SYSTEM FOR ALL SERVICE TICKETS. USING REMEDY, THE CONTRACTOR SHALL DOCUMENT ALL TECHNICAL INCIDENTS, OUTAGES, PROBLEM RESOLUTIONS, AND ESCALATE THE PROBLEMS FROM INITIATION THROUGH RESOLUTION. THE GOVERNMENT WILL PROVIDE ON-THE-JOB TRAINING FOR ICE-SPECIFIC REMEDY MODULES AS NECESSARY.
   CREATE AND MAINTAIN ICE INFRASTRUCTURE DIAGRAMS AND LAYOUTS UTILIZING MICROSOFT VISIO TO REPRESENT THE AS-BUILT ENVIRONMENT.
   MAINTAIN STANDARDS DOCUMENTATION FOR LAN DESIGNS, INCLUDING CONFIGURATION GUIDELINES, STANDARD EQUIPMENT, AND ICE APPROVED EXCEPTIONS. MAINTAIN THE ICE LAN STANDARDS GUIDELINES, WHICH WILL BE PROVIDED AFTER CONTRACT AWARD.
   MAINTAIN AND CREATE STANDARD OPERATING PROCEDURE (SOP) DOCUMENTATION FOR ALL CURRENT AND FUTURE SYSTEMS SUPPORTED.
 &#149; ALL PROJECT DOCUMENTATION MUST BE STORED ON AND READILY AVAILABLE VIA ICE SHAREPOINT.
   RESPOND TO INFORMATION TECHNOLOGY SERVICE REQUEST (ITSR)/INTAKE PROGRAM BY RECEIVING THEIR REQUIREMENTS, DEVELOP A DESIGN, AND DEVELOP ROUGH ORDERS OF MAGNITUDE (ROM)/BILL OF MATERIALS (BOM).
   ADHERE TO ICE AND DHS SECURITY REQUIREMENTS INCLUDING AUTHORITY TO TEST (ATT), AND AUTHORITY TO OPERATE (ATO), RESPOND TO PLAN OF ACTIONS & MILESTONES (POA&M).,
   ASSIST IN THE PREPARATION OF CERTIFICATION AND ACCREDITATION (C&A) DOCUMENTATION, AND DEVELOPMENT OF VARIOUS AD-HOC REPORTS AS DIRECTED BY THE GOVERNMENT.
   PROVIDE TECHNICAL SUPPORT FOR THE IDENTIFICATION, DEVELOPMENT, AND ESTABLISHMENT OF ICE STANDARDS, PROCEDURES, AND GUIDELINES.
   UPDATE SECURITY-RELATED DOCUMENTATION AS REQUIRED.
   COMPLY WITH THE SYSTEMS LIFECYCLE MANAGEMENT (SLM) PROCESS.
   COLLABORATE WITH OCIO DISASTER RECOVER (DR) PERSONNEL TO ENSURE INFRASTRUCTURE AND PROCEDURES ARE IN COMPLIANCE WITH MANAGEMENT RECOVERY POINT AND TIME OBJECTIVES.
   RESPOND TO TROUBLE CALLS AND INITIATE ANALYSIS IN ORDER TO RESOLVE ISSUES AS NOTED IN THE SEVERITY LEVEL TABLE.
   PROVIDE WEEKLY REPORTS REGARDING SUCCESS IN MEETING THE SERVICE LEVEL OBJECTIVES OUTLINED IN THE PRODUCTION (TABLE 1-2) AND NON-PRODUCTION SERVICE LEVEL OBJECTIVES TABLES (TABLE 1-3) BELOW. PROVIDE TIER 3 STANDARD PROBLEM RESOLUTION SUPPORT. PROVIDE TIER 3 STANDARD IMPLEMENTATION AND DEPLOYMENT SUPPORT AND BACKUP COVERAGE WHEN THE CONTRACTOR TEAM LEAD IS UNAVAILABLE. TIER 3 STANDARD SUPPORT INCLUDES, BUT IS NOT LIMITED TO THE FOLLOWING AREAS: NETWORK ENGINEERING, NETWORK IMPLEMENTATION, SYSTEMS ENGINEERING AND IMPLEMENTATION OF PROBLEM RESOLUTION. 
   THE TIER 3 STANDARD IS AS FOLLOWS:
 DURING NORMAL BUSINESS HOURS (BETWEEN 7:00 AM TO 6:00 PM), THE GOVERNMENT REQUIRES AN IMMEDIATE RESPONSE (15 MINUTES OR FEWER) AND SUPPORT TO: SERVICE DESK, AND/OR ITFO, AND/OR GOVERNMENT ENGINEERING TEAM LEAD REQUESTS. DURING ALL OTHER TIMES, ON-CALL SUPPORT SHALL BE PROVIDED WITHIN THIRTY (30) MINUTES. FUNCTIONS REQUIRING 24X7 BY 365 COVERAGE WILL BE SUPPORTED AS DIRECTED; I.E., BY CELL PHONE/BLACKBERRY (GFE), OR EMAIL.
 ",541512,COMPUTER SYSTEMS DESIGN SERVICES,,
HSCETC11D00002001,HSCETC11J00006,HSCETC11D00002,1169523.24,2011-06-16,2011,11,070,DEPARTMENT OF HOMELAND SECURITY (DHS),7012,U.S. IMMIGRATION AND CUSTOMS ENFORCEMENT,70CTD0,INFORMATION TECHNOLOGY DIVISION,RESTON,VA,201911535,USA,015277887,"INTEGRITYONE PARTNERS, INC.",101910222,"APPLIED INFORMATION SCIENCES, INC.",,101910222,11400 COMMERCE PARK DR STE 600,RESTON,VA,201911550,08,USA,,,WASHINGTON,DC,200016433,AL,USA,PROVIDE EXPERT TECHNICAL SERVICES TO SUPPORT THE IMMIGRATION & CUSTOMS ENFORCEMENT COLLABORATION TOOL (ICECT) TASK ORDER.  THREE SECTIONS: COLLABORATION SITES; APPLICATION O&M AND NEW APPLICATIONS DEVELOPMENT; ICECT GSS O&M AND ENHANCEMENT ACTIVITIES.,541512,COMPUTER SYSTEMS DESIGN SERVICES,,
3245-0001 TO-14,HSCEMS13F00058,HSCEMS12A00017,966569.70,2013-10-16,2013,10,070,DEPARTMENT OF HOMELAND SECURITY (DHS),7012,U.S. IMMIGRATION AND CUSTOMS ENFORCEMENT,70CMSW,MISSION SUPPORT WASHINGTON,WASHINGTON,DC,200013710,USA,187107958,DELOITTE & TOUCHE L.L.P.,603167144,EMPIRICAL CONCEPTS INC.,,,120 WATERFRONT ST STE 425,OXON HILL,MD,207451122,04,USA,,,WASHINGTON,DC,200013710,AL,USA,DHS ICE OCFO OPERATION SUPPORT SERVICES,541219,OTHER ACCOUNTING SERVICES,,
2016-PAE-1085-005,HSCEDM16F00025,HSCEMS14A00011,941664.80,2016-09-29,2018,2,070,DEPARTMENT OF HOMELAND SECURITY (DHS),7012,U.S. IMMIGRATION AND CUSTOMS ENFORCEMENT,70CDCR,DETENTION COMPLIANCE AND REMOVALS,VIENNA,VA,221822264,USA,608717450,"XL ASSOCIATES, INC.",159836121,PAE PROFESSIONAL SERVICES LLC,,968071493,7799 LEESBURG PIKE STE 300 N,FALLS CHURCH,VA,220432408,08,USA,,,KANSAS CITY,MO,640642137,06,USA,PROVIDE PROFESSIONAL SUPPORT SERVICES SCANNING AND ENTERING FINGERPRINT CARDS INTO DHS SYSTEM.,541611,ADMINISTRATIVE MANAGEMENT AND GENERAL MANAGEMENT CONSULTING SERVICES,,
2056-0024-SK-CLEAR,HSCETC17J00024,HSHQDC13DE2056,916634.40,2017-10-03,2018,1,070,DEPARTMENT OF HOMELAND SECURITY (DHS),7012,U.S. IMMIGRATION AND CUSTOMS ENFORCEMENT,70CTD0,INFORMATION TECHNOLOGY DIVISION,WASHINGTON,DC,205360003,USA,103312802,"ACUITY, INC.",124289708,"CLEARAVENUE, LLC",,124289708,"6711COLUMBIA GATEWAY DRIVE, SUITE 550",COLUMBIA,MD,210463347,03,USA,,,COLUMBIA,MD,210462208,03,USA,"MAINTAIN THE IDRS IN AN OPERATIONAL SUPPORT STATE AND APPLYING ADAPTIVE, PERFECTIVE, CORRECTIVE, OR PREVENTATIVE MAINTENANCE CHANGES. THIS WILL ALSO INCLUDE SMALL SCALE ENHANCEMENTS TO THE EXISTING SYSTEMS, SUCH AS ADDING/MODIFYING REPORTS AND ADDING DATA SOURCES.",518210,"DATA PROCESSING, HOSTING, AND RELATED SERVICES",,
2056-0024-SK-CLEAR,HSCETC17J00024,HSHQDC13DE2056,908409.60,2017-10-03,2017,10,070,DEPARTMENT OF HOMELAND SECURITY (DHS),7012,U.S. IMMIGRATION AND CUSTOMS ENFORCEMENT,70CTD0,INFORMATION TECHNOLOGY DIVISION,WASHINGTON,DC,205360003,USA,103312802,"ACUITY, INC.",124289708,"CLEARAVENUE, LLC",,124289708,"6711COLUMBIA GATEWAY DRIVE, SUITE 550",COLUMBIA,MD,210463347,03,USA,,,COLUMBIA,MD,210462208,03,USA,"MAINTAIN THE IDRS IN AN OPERATIONAL SUPPORT STATE AND APPLYING ADAPTIVE, PERFECTIVE, CORRECTIVE, OR PREVENTATIVE MAINTENANCE CHANGES. THIS WILL ALSO INCLUDE SMALL SCALE ENHANCEMENTS TO THE EXISTING SYSTEMS, SUCH AS ADDING/MODIFYING REPORTS AND ADDING DATA SOURCES.",518210,"DATA PROCESSING, HOSTING, AND RELATED SERVICES",,
1200299781,HSCETE11J00030,HSHQDC10A00106,826519.76,2011-02-17,2015,8,070,DEPARTMENT OF HOMELAND SECURITY (DHS),7012,U.S. IMMIGRATION AND CUSTOMS ENFORCEMENT,TE000,INFORMATION TECHNOLOGY COMMODITIES,HERNDON,VA,201715219,USA,107939357,GTSI CORPORATION,064696941,SYMANTEC CORPORATION,,064696941,350 ELLIS ST,MOUNTAIN VIEW,CA,940432202,14,USA,,,DALLAS,TX,75284,30,USA,DHS SYMANTEC BPA,443120,COMPUTER AND SOFTWARE STORES,,
15138,GSP0617GZ0006,GS06P16GZD7010,690003.00,2017-01-13,2017,2,047,GENERAL SERVICES ADMINISTRATION (GSA),4740,PUBLIC BUILDINGS SERVICE,47PG02,PBS R6,DES MOINES,IA,503092115,USA,007988363,"NEUMANN BROTHERS, INC.",185422433,COMMONWEALTH ELECTRIC COMPANY OF THE MIDWEST,,185422433,1901 Y ST STE 100,LINCOLN,NE,685032446,01,USA,,,DES MOINES,IA,503010038,03,USA,ELECTRICAL WORK,236220,COMMERCIAL AND INSTITUTIONAL BUILDING CONSTRUCTION,,
2016-SERCO-1085-005,HSCEDM16F00025,HSCEMS14A00011,673140.70,2017-09-26,2018,2,070,DEPARTMENT OF HOMELAND SECURITY (DHS),7012,U.S. IMMIGRATION AND CUSTOMS ENFORCEMENT,70CDCR,DETENTION COMPLIANCE AND REMOVALS,VIENNA,VA,221822264,USA,608717450,"XL ASSOCIATES, INC.",928859149,SERCO INC.,,298452707,1818 LIBRARY ST STE 1000,RESTON,VA,201906276,08,USA,,,KANSAS CITY,MO,640642137,06,USA,PROVIDE PROFESSIONAL SERVICES SCANNING AND ENTERING FINGERPRINTS INTO DHS SYSTEM.,541611,ADMINISTRATIVE MANAGEMENT AND GENERAL MANAGEMENT CONSULTING SERVICES,,
2016-PAE-1085-005,HSCEDM16F00025,HSCEMS14A00011,572348.64,2016-10-07,2017,2,070,DEPARTMENT OF HOMELAND SECURITY (DHS),7012,U.S. IMMIGRATION AND CUSTOMS ENFORCEMENT,70CDCR,DETENTION COMPLIANCE AND REMOVALS,VIENNA,VA,221822264,USA,608717450,"XL ASSOCIATES, INC.",159836121,PAE PROFESSIONAL SERVICES LLC,,968071493,7799 LEESBURG PIKE STE 300 N,FALLS CHURCH,VA,220432408,08,USA,,,VIENNA,VA,221822264,08,USA,PROVIDE FINGERPRINT SCANNING AND ANALYTICAL SUPPORT SERVICES TO IMMIGRATION AND CUSTOMS ENFORCEMENT (ICE) ENFORCEMENT REMOVAL OPERATIONS (ERO) HISTORICAL FINGERPRINT ENROLLMENT (HFE) PROGRAM.,541611,ADMINISTRATIVE MANAGEMENT AND GENERAL MANAGEMENT CONSULTING SERVICES,,
111604,HSCETC16J00004,HSHQDC14D00006,548265.72,2016-02-29,2016,2,070,DEPARTMENT OF HOMELAND SECURITY (DHS),7012,U.S. IMMIGRATION AND CUSTOMS ENFORCEMENT,70CTD0,INFORMATION TECHNOLOGY DIVISION,MC LEAN,VA,221027539,USA,040540304,THE MITRE CORPORATION,074108176,"TECOLOTE RESEARCH, INC.",,074108176,420 S FAIRVIEW AVE STE 201,GOLETA,CA,931173626,23,USA,,,WASHINGTON,DC,205365098,AL,USA,"THIS SOW DEFINES CONTRACTOR WORK RELATED TO DEFINING, DEVELOPING, AND MATURING VARIOUS DHS PROGRAM BUDGET AND INVESTMENT ARTIFACTS INCLUDING LIFE CYCLE COST ESTIMATES (LCCE) FOR A LEVEL 1 PROGRAM. CONTRACTOR WILL PROVIDE EXTENSIVE EXPERIENCE AND EXPERTISE WITH DHS GUIDANCE RELATED TO THE AFOREMENTIONED ARTIFACTS COMBINED WITH COMMERCIAL AND DHS GOVERNMENT TECHNICAL EXPERIENCE IN SUCCESSFUL DEVELOPMENT OF THE ARTIFACTS.",541712,"RESEARCH AND DEVELOPMENT IN THE PHYSICAL, ENGINEERING, AND LIFE SCIENCES (EXCEPT BIOTECHNOLOGY)",,
20760064SKEIT,HSCETC15J00064,HSHQDC13DE2076,526852.50,2015-09-29,2017,9,070,DEPARTMENT OF HOMELAND SECURITY (DHS),7012,U.S. IMMIGRATION AND CUSTOMS ENFORCEMENT,70CTD0,INFORMATION TECHNOLOGY DIVISION,ARLINGTON,VA,222011155,USA,103312802,"ACUITY, INC.",165636205,"EMAGINE IT, INC.",,,"3040 WILLIAMS DRIVE, SUITE 400",FAIRFAX,VA,220314618,11,USA,,,ARLINGTON,VA,222024812,08,USA,"SOFTWARE O&M, ENHANCEMENT, TIER 3 SUPPORT",518210,"DATA PROCESSING, HOSTING, AND RELATED SERVICES",,
201513740,HSCETE15F00036,GS35F5192G,517730.00,2015-07-30,2015,8,070,DEPARTMENT OF HOMELAND SECURITY (DHS),7012,U.S. IMMIGRATION AND CUSTOMS ENFORCEMENT,70CTD0,INFORMATION TECHNOLOGY DIVISION,RESTON,VA,201950001,USA,156992745,"INTEGRIO TECHNOLOGIES, LLC",965232189,"HEWLETT-PACKARD FEDERAL, LLC",,009122532,6600 ROCKLEDGE DR STE 150,BETHESDA,MD,208171806,08,USA,,,WASHINGTON,DC,205360001,AL,USA,SOFTWARE LICENSE AGREEMENT,443120,COMPUTER AND SOFTWARE STORES,,
13918,GSP0614GZ5050,GS06P12GZD0016,505027.00,2014-12-02,2015,1,047,GENERAL SERVICES ADMINISTRATION (GSA),4740,PUBLIC BUILDINGS SERVICE,GZ000,GSA/PUBLIC BUILDINGS SERVICE,DES MOINES,IA,503092115,USA,007988363,"NEUMANN BROTHERS, INC.",185422433,COMMONWEALTH ELECTRIC COMPANY OF THE MIDWEST,,185422433,1901 Y ST STE 100,LINCOLN,NE,685032446,01,USA,,,DES MOINES,IA,503143405,03,USA,"ELECTRICAL PORTION OF THE DHS/ICE SALLYPORT EXPANSION PROJECT AT THE NEAL SMITH FEDERAL BUILDINGIN DES MOINES, IOWA.",236220,COMMERCIAL AND INSTITUTIONAL BUILDING CONSTRUCTION,,
7PB00001TM,HSCETC16J00002,HSHQDC16D00001,484405.69,2018-01-02,2018,2,070,DEPARTMENT OF HOMELAND SECURITY (DHS),7012,U.S. IMMIGRATION AND CUSTOMS ENFORCEMENT,70CTD0,INFORMATION TECHNOLOGY DIVISION,STENNIS SPACE CENTER,MS,395225001,USA,079735371,CSRA LLC,615378007,"FCN, INC.",,615378007,12315 WILKINS AVE,ROCKVILLE,MD,208521827,08,USA,,,ROCKVILLE,MD,208521827,08,USA,MAINTENANCE FOR P795,541513,COMPUTER FACILITIES MANAGEMENT SERVICES,,
15132,GSP0617GZ0006,GS06P16GZD7010,474797.00,2017-01-13,2017,2,047,GENERAL SERVICES ADMINISTRATION (GSA),4740,PUBLIC BUILDINGS SERVICE,47PG02,PBS R6,DES MOINES,IA,503092115,USA,007988363,"NEUMANN BROTHERS, INC.",012049700,"ALLIED CONSTRUCTION SERVICES, INC.",,005305792,4700 ROE PKWY,ROELAND PARK,KS,662051114,03,USA,,,DES MOINES,IA,50321,03,USA,DRYWALL,236220,COMMERCIAL AND INSTITUTIONAL BUILDING CONSTRUCTION,,
20130508-06,GSP0613GZ5019,GS06P12GZD0008,445281.00,2013-05-08,2014,1,047,GENERAL SERVICES ADMINISTRATION (GSA),4740,PUBLIC BUILDINGS SERVICE,GZ000,GSA/PUBLIC BUILDINGS SERVICE,SAINT LOUIS,MO,631032818,USA,007849045,"HOF CONSTRUCTION, INC.",174155630,"KAEMMERLEN PARTS AND SERVICE, INC.",,,1539 S KINGSHIGHWAY BLVD,SAINT LOUIS,MO,631102227,01,USA,,,SAINT LOUIS,MO,631032818,01,USA,"FURNISH AND INSTALL AIR HANDLER, VAVS, ERUS, HOODS, DUCTWORK, AIR DEVICES, TEMPERATURE CONTROLS AND WIRING, VEHICLE EXHAUST SYSTEM, FIRE DAMPERS, BURGLAR BARS, PIPING, INSULATION, AND BALANCING.",236220,COMMERCIAL AND INSTITUTIONAL BUILDING CONSTRUCTION,,
7PB00002TM,HSCETC16J00002,HSHQDC16D00001,438082.95,2018-01-02,2018,2,070,DEPARTMENT OF HOMELAND SECURITY (DHS),7012,U.S. IMMIGRATION AND CUSTOMS ENFORCEMENT,70CTD0,INFORMATION TECHNOLOGY DIVISION,STENNIS SPACE CENTER,MS,395225001,USA,079735371,CSRA LLC,615378007,"FCN, INC.",,615378007,12315 WILKINS AVE,ROCKVILLE,MD,208521827,08,USA,,,ROCKVILLE,MD,208521827,08,USA,MAINTENANCE FOR DATA POWER.,541513,COMPUTER FACILITIES MANAGEMENT SERVICES,,
P000047703,HSCEMS16J00065,HSSS0112D0020,435441.15,2017-12-29,2017,12,070,DEPARTMENT OF HOMELAND SECURITY (DHS),7012,U.S. IMMIGRATION AND CUSTOMS ENFORCEMENT,70CMSW,MISSION SUPPORT WASHINGTON,WASHINGTON,DC,200650003,USA,616205675,"CACI-ISS, INC.",069373090,"MOTOROLA SOLUTIONS, INC.",,001325463,809 PINNACLE DR STE G,LINTHICUM HEIGHTS,MD,210902535,03,USA,,,LINTHICUM HEIGHTS,MD,210902535,03,USA,334220 -- RADIO AND TELEVISION BROADCASTING AND WIRELESS COMMUNICATIONS EQUIPMENT MANUFACTURING,334220,RADIO AND TELEVISION BROADCASTING AND WIRELESS COMMUNICATIONS EQUIPMENT MANUFACTURING,,
1200332775,HSCETE13J00091,HSHQDC11A00042,425541.11,2013-06-28,2015,8,070,DEPARTMENT OF HOMELAND SECURITY (DHS),7012,U.S. IMMIGRATION AND CUSTOMS ENFORCEMENT,TE000,INFORMATION TECHNOLOGY COMMODITIES,WASHINGTON,DC,205365811,USA,107939357,GTSI CORP.,829160865,ARROW ENTERPRISE COMPUTING SOLUTIONS INC.,,049159957,7459 S LIMA ST BLDG 2,ENGLEWOOD,CO,801123879,06,USA,,,LOS ANGELES,CA,90045,43,USA,DHS SOFTWARE SOLUTIONS,541519,OTHER COMPUTER RELATED SERVICES,,
106191SB0A,HSCEDM15F00013,HSCEMS14A00004,408000.00,2015-05-12,2015,5,070,DEPARTMENT OF HOMELAND SECURITY (DHS),7012,U.S. IMMIGRATION AND CUSTOMS ENFORCEMENT,70CDCR,DETENTION COMPLIANCE AND REMOVALS,WASHINGTON,DC,202290009,USA,006928857,BOOZ ALLEN HAMILTON INCORPORATED (3626),129148610,"STRATEGIC ENTERPRISE SOLUTIONS, INC.",,,11951 FREEDOM DR STE 1300,RESTON,VA,201905642,08,USA,,,"ICE LESA OFFICES 1201 MARYLAND AVE, SW, WASHINGTON, DC 20024",DC,200246129,AL,USA,"SE SOLUTIONS WILL PROVIDE SUPPORT TO THE ICE LESA CLIENT TO DEVELOP STANDARDIZED REPORTS AND AD HOC QUERY RESPONSES. THE SUBCONTRACTOR WILL SUPPORT THE STU BY ASSESSING REQUESTS, DEFINE USER NEEDS, DEVELOPING AN APPROACH, GATHERING DATA, AND ASSEMBLING THE PRODUCT.",541611,ADMINISTRATIVE MANAGEMENT AND GENERAL MANAGEMENT CONSULTING SERVICES,,
3576-0001 TO-14,HSCEMS13F00076,HSCEMS12A00017,391742.18,2013-11-08,2013,11,070,DEPARTMENT OF HOMELAND SECURITY (DHS),7012,U.S. IMMIGRATION AND CUSTOMS ENFORCEMENT,70CMSW,MISSION SUPPORT WASHINGTON,MCLEAN,VA,221024208,USA,187107958,DELOITTE & TOUCHE L.L.P.,167251011,"TRIUMPH ENTERPRISES, INCORPORATED",,167251011,11325 RANDOM HILLS RD STE 340,FAIRFAX,VA,220300972,11,USA,,,WASHINGTON,DC,200246129,AL,USA,U.S. IMMIGRATION AND CUSTOMS ENFORCEMENT (ICE) OFFICE OF THE CHIEF FINANCIAL OFFICER (OCFO) REQUIRES MANAGEMENT AND SUPPORT SERVICES TO IMPLEMENT NEW PROCEDURES AND PRACTICES WHICH WILL PROMOTE OCFO AS A PERFORMANCE-BASED ORGANIZATION.,541219,OTHER ACCOUNTING SERVICES,,
3556-001 TO 014,HSCEMS13F00065,HSCEMS12A00017,389900.00,2013-11-13,2013,11,070,DEPARTMENT OF HOMELAND SECURITY (DHS),7012,U.S. IMMIGRATION AND CUSTOMS ENFORCEMENT,70CMSW,MISSION SUPPORT WASHINGTON,WASHINGTON,DC,205365098,USA,187107958,DELOITTE & TOUCHE L.L.P.,170945823,"E3 FEDERAL SOLUTIONS, LLC",,,"1215 SOUTH CLARK STREET, SUITE 900",ARLINGTON,VA,222024394,08,USA,,,WASHINGTON,DC,205365098,AL,USA,THE SUBCONTRACTOR WILL ASSIST WITH THE DEVELOPMENT AND MAINTENANCE OF PARM DOCUMENTATION AND PLAN AND ADVISE ON ACQUISITION PROCESS.,541219,OTHER ACCOUNTING SERVICES,,
P000026788,HSCEMS16J00065,HSSS0112D0020,376600.00,2016-11-03,2016,11,070,DEPARTMENT OF HOMELAND SECURITY (DHS),7012,U.S. IMMIGRATION AND CUSTOMS ENFORCEMENT,70CMSW,MISSION SUPPORT WASHINGTON,WASHINGTON,DC,200650003,USA,616205675,"CACI-ISS, INC.",789540999,ATLAS GROUP LTD,,,9387 COLBERT CT,FAIRFAX,VA,220322000,11,USA,,,FAIRFAX,VA,220322000,11,USA,RADIO AND TELEVISION BROADCASTING AND WIRELESS COMMUNICATIONS EQUIPMENT MANUFACTURING,334220,RADIO AND TELEVISION BROADCASTING AND WIRELESS COMMUNICATIONS EQUIPMENT MANUFACTURING,,
DEV911ICE,HSCETC11F00006,GS06F0631Z,373351.64,2012-02-09,2012,5,070,DEPARTMENT OF HOMELAND SECURITY (DHS),7012,U.S. IMMIGRATION AND CUSTOMS ENFORCEMENT,70CTD0,INFORMATION TECHNOLOGY DIVISION,ROCKVILLE,MD,208506379,USA,964553812,"INFOZEN, LLC",120838248,"DEVTECH SYSTEMS, INC.",,120838248,1700 N MOORE ST STE 1720,ARLINGTON,VA,222091951,08,USA,,,WASHINGTON,DC,200052710,AL,USA,"THE CONTRACTOR SHALL PROVIDE EXPERIENCED PERSONNEL TO SUPPORT ONGOING AND ALL NEW INFORMATION TECHNOLOGY ENGINEERING WORK INCLUDING, BUT NOT LIMITED TO, INFRASTRUCTURE MODERNIZATION PROJECTS, APPLICATION MODERNIZATION PROJECTS, AND ANY NEW OCIO DIRECTED IT INITIATIVES INCLUDING DISASTER RECOVERY ACTIVITIES FOR THOSE PROJECTS OR INITIATIVES.  MIGRATIONS SUCH AS PHYSICAL INFRASTRUCTURE, SYSTEMS, OR PLATFORM MIGRATION OF SYSTEMS MAY ALSO BE REQUIRED.
 ",541512,COMPUTER SYSTEMS DESIGN SERVICES,,
13917,GSP0614GZ5050,GS06P12GZD0016,345447.00,2014-12-02,2015,1,047,GENERAL SERVICES ADMINISTRATION (GSA),4740,PUBLIC BUILDINGS SERVICE,GZ000,GSA/PUBLIC BUILDINGS SERVICE,DES MOINES,IA,503092115,USA,007988363,"NEUMANN BROTHERS, INC.",103950671,AIR-CON MECHANICAL CORPORATION,,,3121 SE 14TH ST,DES MOINES,IA,503201317,03,USA,,,DES MOINES,IA,503201317,03,USA,"MECHANICAL PORTION OF THE DHS/ICE SALLYPORT/DETENTION PROJECT AT THE NEAL SMITH FEDERAL BUILDING IN DES MOINES, IOWA.",236220,COMMERCIAL AND INSTITUTIONAL BUILDING CONSTRUCTION,,
"3326-0001 TO13, MOD 6",HSCEMS13F00026,HSCEMS12A00017,336000.00,2013-02-28,2013,12,070,DEPARTMENT OF HOMELAND SECURITY (DHS),7012,U.S. IMMIGRATION AND CUSTOMS ENFORCEMENT,70CMSW,MISSION SUPPORT WASHINGTON,WASHINGTON,DC,202290009,USA,187107958,DELOITTE & TOUCHE L.L.P.,131873457,"WHITNEY, BRADLEY & BROWN INC.",,131873457,11790 SUNRISE VALLEY DR,RESTON,VA,201911440,08,USA,,,WASHINGTON,DC,202290009,AL,USA,DHS ICE OCFO BASS TASK ORDER SUPPORT. EXTENDS TASK ORDER BASE YEAR AND INCREASES FUNDING.,541219,OTHER ACCOUNTING SERVICES,,
20760064SKEIT,HSCETC15J00064,HSHQDC13DE2076,329573.40,2015-09-29,2016,10,070,DEPARTMENT OF HOMELAND SECURITY (DHS),7012,U.S. IMMIGRATION AND CUSTOMS ENFORCEMENT,70CTD0,INFORMATION TECHNOLOGY DIVISION,ARLINGTON,VA,222011155,USA,103312802,"ACUITY, INC.",165636205,"EMAGINE IT, INC.",,,"3040 WILLIAMS DRIVE, SUITE 400",FAIRFAX,VA,220314618,11,USA,,,ARLINGTON,VA,222024812,08,USA,"SOFTWARE O&M, ENHANCEMENT, TIER 3 SUPPORT",518210,"DATA PROCESSING, HOSTING, AND RELATED SERVICES",,
2016-SERCO-1085-005,HSCEDM16F00025,HSCEMS14A00011,321788.64,2016-10-27,2017,2,070,DEPARTMENT OF HOMELAND SECURITY (DHS),7012,U.S. IMMIGRATION AND CUSTOMS ENFORCEMENT,70CDCR,DETENTION COMPLIANCE AND REMOVALS,VIENNA,VA,221822264,USA,608717450,"XL ASSOCIATES, INC.",928859149,SERCO INC.,,298452707,1818 LIBRARY ST STE 1000,RESTON,VA,201906276,08,USA,,,VIENNA,VA,221822264,08,USA,PROVIDE FINGERPRINT SCANNING AND ANALYTICAL SUPPORT SERVICES TO IMMIGRATION AND CUSTOMS ENFORCEMENT (ICE) ENFORCEMENT REMOVAL OPERATIONS (ERO) HISTORICAL FINGERPRINT ENROLLMENT (HFE) PROGRAM.,541611,ADMINISTRATIVE MANAGEMENT AND GENERAL MANAGEMENT CONSULTING SERVICES,,
1200332777,HSCETE13J00091,HSHQDC11A00042,318541.45,2013-06-28,2015,8,070,DEPARTMENT OF HOMELAND SECURITY (DHS),7012,U.S. IMMIGRATION AND CUSTOMS ENFORCEMENT,TE000,INFORMATION TECHNOLOGY COMMODITIES,WASHINGTON,DC,205365811,USA,107939357,GTSI CORP.,829160865,ARROW ENTERPRISE COMPUTING SOLUTIONS INC.,,049159957,7459 S LIMA ST BLDG 2,ENGLEWOOD,CO,801123879,06,USA,,,LOS ANGELES,CA,90045,43,USA,DHS SOFTWARE SOLUTIONS,541519,OTHER COMPUTER RELATED SERVICES,,
"3326-0001 TO13, MOD 5",HSCEMS13F00026,HSCEMS12A00017,316800.00,2013-02-28,2013,9,070,DEPARTMENT OF HOMELAND SECURITY (DHS),7012,U.S. IMMIGRATION AND CUSTOMS ENFORCEMENT,70CMSW,MISSION SUPPORT WASHINGTON,WASHINGTON,DC,202290009,USA,187107958,DELOITTE & TOUCHE L.L.P.,131873457,"WHITNEY, BRADLEY & BROWN INC.",,131873457,11790 SUNRISE VALLEY DR,RESTON,VA,201911440,08,USA,,,WASHINGTON,DC,202290009,AL,USA,DHS ICE OCFO BASS TASK ORDER SUPPORT. EXTENDS TASK ORDER BASE YEAR AND INCREASES FUNDING.,541219,OTHER ACCOUNTING SERVICES,,
118587,HSCETC16J00004,HSHQDC14D00006,302570.47,2017-06-11,2017,6,070,DEPARTMENT OF HOMELAND SECURITY (DHS),7012,U.S. IMMIGRATION AND CUSTOMS ENFORCEMENT,70CTD0,INFORMATION TECHNOLOGY DIVISION,MC LEAN,VA,221027539,USA,040540304,THE MITRE CORPORATION,074108176,"TECOLOTE RESEARCH, INC.",,074108176,420 S FAIRVIEW AVE STE 201,GOLETA,CA,931173626,23,USA,,,WASHINGTON,DC,205365098,AL,USA,"TASK 1- ICE IMMIGRATION DATA MODERNIZATION PROGRAM SUPPORT
 
 A) PROVIDE, AS AN INTEGRATED HSSEDI TEAM MEMBER, DEVELOPMENT AND MATURATION OF THE FOLLOWING: 
 I. ROUGH ORDER OF MAGNITUDE ESTIMATES TO SUPPORT FEDERAL BUDGET PLANNING
 II. COST ESTIMATING BASELINE DOCUMENT (CEBD)
 III. LIFE CYCLE COST ESTIMATE (LCCE)
 IV. COSTING OF ANALYSIS OF ALTERNATIVES OPTIONS
 B) ADDITIONAL ARTIFACTS MAY BE DEVELOPED, SECONDARILY, AS DESIRED BY THE ICE IMMIGRATION DATA MODERNIZATION PROGRAM LEADERSHIP, IF AVAILABLE FUNDING EXISTS AND THEY ARE APPROVED BY THE MITRE TECHNICAL MONITOR.
 C) DEVELOP AND COMPLETE DELIVERABLES OR ARTIFACTS RELATED TO THE ABOVE SERVICES AT THE DIRECTION OF THE MITRE TECHNICAL MONITOR PER A CONTRACTOR WORKPLAN THAT WILL BE MUTUALLY AGREED UPON.
 D) DEVELOP AND COMPLETE STATUS REPORTS AND EMAIL COMMUNICATION WITH THE MITRE TECHNICAL MONITOR AT LEAST ONCE A WEEK IN A FORMAT MUTUALLY AGREED UPON. PROVIDE TIMELY INPUT TO THE HSSEDI MONTHLY REPORT IN A FORMAT MUTUALLY AGREED UPON.
 E) ATTEND AND CONTRIBUTE IN HSSEDI INTERNAL TEAM MEETING AND WORKSHOPS RELATED TO THE SUPPORT ON THE ICE IMMIGRATION DATA MODERNIZATION PROGRAM AS DIRECTED BY THE HSSEDI PROJECT/TASK LEAD.
 F) ATTEND AND CONTRIBUTE IN ICE IMMIGRATION DATA MODERNIZATION PROGRAM INTERNAL TEAM MEETINGS AND WORKSHOPS IN ASSIGNED ROLES AT THE DIRECTION OF THE ICE IMMIGRATION DATA MODERNIZATION PROGRAM GOVERNMENT LEADERSHIP AND THE HSSEDI PROJECT/TASK LEAD AS MUTUALLY AGREED UPON.
 ",541712,"RESEARCH AND DEVELOPMENT IN THE PHYSICAL, ENGINEERING, AND LIFE SCIENCES (EXCEPT BIOTECHNOLOGY)",,
P000040275-1,HSCEMS16J00065,HSSS0112D0020,264992.57,2017-06-21,2017,6,070,DEPARTMENT OF HOMELAND SECURITY (DHS),7012,U.S. IMMIGRATION AND CUSTOMS ENFORCEMENT,70CMSW,MISSION SUPPORT WASHINGTON,WASHINGTON,DC,200650003,USA,616205675,"CACI-ISS, INC.",827714507,"IRON BOW TECHNOLOGIES, LLC",,968415781,2303 DULLES STATION BLVD STE 400,HERNDON,VA,201716353,10,USA,,,HERNDON,VA,201716353,10,USA,RADIO AND TELEVISION BROADCASTING AND WIRELESS COMMUNICATIONS EQUIPMENT MANUFACTURING,334220,RADIO AND TELEVISION BROADCASTING AND WIRELESS COMMUNICATIONS EQUIPMENT MANUFACTURING,,
15136,GSP0617GZ0006,GS06P16GZD7010,263619.00,2017-01-13,2017,2,047,GENERAL SERVICES ADMINISTRATION (GSA),4740,PUBLIC BUILDINGS SERVICE,47PG02,PBS R6,DES MOINES,IA,503092115,USA,007988363,"NEUMANN BROTHERS, INC.",103950671,AIR-CON MECHANICAL CORPORATION,,,3121 SE 14TH ST,DES MOINES,IA,503201317,03,USA,,,DES MOINES,IA,503201317,03,USA,MECHANICAL DEMO AND INSTALL,236220,COMMERCIAL AND INSTITUTIONAL BUILDING CONSTRUCTION,,
914228,HSCEMS17J00126,HSCEMS16A00003,261450.00,2017-07-14,2017,7,070,DEPARTMENT OF HOMELAND SECURITY (DHS),7012,U.S. IMMIGRATION AND CUSTOMS ENFORCEMENT,70CMSW,MISSION SUPPORT WASHINGTON,HARPERS FERRY,WV,254253045,USA,027079776,"ATLANTIC DIVING SUPPLY, INC.",122302987,SIG SAUER INC.,,312687681,72 PEASE BLVD,NEWINGTON,NH,038016801,01,USA,,,NEWINGTON,NH,038016801,01,USA,TACTICAL GEAR,332994,"SMALL ARMS, ORDNANCE, AND ORDNANCE ACCESSORIES MANUFACTURING",,
P000028160,HSCEMS16J00065,HSSS0112D0020,250154.00,2016-10-27,2016,10,070,DEPARTMENT OF HOMELAND SECURITY (DHS),7012,U.S. IMMIGRATION AND CUSTOMS ENFORCEMENT,70CMSW,MISSION SUPPORT WASHINGTON,WASHINGTON,DC,200650003,USA,616205675,"CACI-ISS, INC.",033730568,EMERGENCY EQUIPMENT SPECIALIS,,,9545 DEER VALLEY DR,CEDAR RAPIDS,IA,524118139,02,USA,,,CEDAR RAPIDS,IA,524118139,02,USA,RADIO AND TELEVISION BROADCASTING AND WIRELESS COMMUNICATIONS EQUIPMENT MANUFACTURING,334220,RADIO AND TELEVISION BROADCASTING AND WIRELESS COMMUNICATIONS EQUIPMENT MANUFACTURING,,
13961,GSP0614GZ5050,GS06P12GZD0016,240899.00,2015-01-02,2015,2,047,GENERAL SERVICES ADMINISTRATION (GSA),4740,PUBLIC BUILDINGS SERVICE,GZ000,GSA/PUBLIC BUILDINGS SERVICE,DES MOINES,IA,503092115,USA,007988363,"NEUMANN BROTHERS, INC.",041102765,"FORREST AND ASSOCIATE, INC.",,,817 SW 9TH ST,DES MOINES,IA,503094517,03,USA,,,DES MOINES,IA,503094517,03,USA,"MASONRY ON THE GSA DHS ICE EXPANSION PROJECT AT THE NEAL SMITH FEDERAL BUILDING IN DES MOINES, IOWA.",236220,COMMERCIAL AND INSTITUTIONAL BUILDING CONSTRUCTION,,
1037-005,HSCEMS14F00059,HSCEMS09A00001,236129.00,2014-03-25,2016,2,070,DEPARTMENT OF HOMELAND SECURITY (DHS),7012,U.S. IMMIGRATION AND CUSTOMS ENFORCEMENT,MSDC0,MISSION SUPPORT WASHINGTON,SPRINGFIELD,VA,221514178,USA,608717450,XL ASSOCIATES INC.,154050959,PRESIDIO NETWORKED SOLUTIONS LLC,,799064451,8161 MAPLE LAWN BLVD STE 150,FULTON,MD,207592588,07,USA,,,WASHINGTON,DC,205362613,AL,USA,BUSINESS AND IT TECHNICAL SUPPORT SERVICES,541611,ADMINISTRATIVE MANAGEMENT AND GENERAL MANAGEMENT CONSULTING SERVICES,,
PO23972,HSCEMS17F00018,GS07F141DA,226805.80,2017-04-17,2017,4,070,DEPARTMENT OF HOMELAND SECURITY (DHS),7012,U.S. IMMIGRATION AND CUSTOMS ENFORCEMENT,70CMSW,MISSION SUPPORT WASHINGTON,LA VERNE,CA,917505818,USA,861004349,AARDVARK,832176382,"TASER INTERNATIONAL, INC.",,832176382,17800 N 85TH ST,SCOTTSDALE,AZ,852556311,05,USA,,,SCOTTSDALE,AZ,852556311,05,USA,TASER EQUIPMENT,315990,APPAREL ACCESSORIES AND OTHER APPAREL MANUFACTURING,,
1241_EAGLE ICE_TRILLION,HSCEMD16J00010,HSHQDC13DE2029,222547.20,2017-06-15,2017,6,070,DEPARTMENT OF HOMELAND SECURITY (DHS),7012,U.S. IMMIGRATION AND CUSTOMS ENFORCEMENT,70CMSD,MISSION SUPPORT DALLAS,WASHINGTON,DC,205360001,USA,125368121,"ZENETEX, LLC",782927979,TRILLION TECHNOLOGY SOLUTIONS INC.,,,1950 ROLAND CLARKE PLACE SUITE 410,RESTON,VA,201911414,08,USA,,,WASHINGTON,DC,205360001,AL,USA,PROVIDE OPTION YEAR ONE AWARD AND FUNDING FOR LABOR ONLY FOR CONTINUED PROGRAM SUPPORT,541512,COMPUTER SYSTEMS DESIGN SERVICES,,
3203-0001 MOD 3,HSCEMS13F00026,HSCEMS12A00017,212927.75,2013-02-27,2013,9,070,DEPARTMENT OF HOMELAND SECURITY (DHS),7012,U.S. IMMIGRATION AND CUSTOMS ENFORCEMENT,70CMSW,MISSION SUPPORT WASHINGTON,WASHINGTON,DC,202290009,USA,187107958,DELOITTE & TOUCHE L.L.P.,780241071,"AHMAD ASSOCIATES, LIMITED, A PROFESSIONAL CORPORATION",,,8230 OLD COURTHOUSE RD STE 210,VIENNA,VA,221823853,11,USA,,,WASHINGTON,DC,202290009,AL,USA,DHS ICE OCFO BASS TASK ORDER. EXTENDS TASK ORDER BASE YEAR AND INCREASES FUNDING.,541219,OTHER ACCOUNTING SERVICES,,
948086,70CMSW18FC0000019,HSCEMS16A00003,211358.25,2018-02-26,2018,2,070,DEPARTMENT OF HOMELAND SECURITY (DHS),7012,U.S. IMMIGRATION AND CUSTOMS ENFORCEMENT,70CMSW,MISSION SUPPORT WASHINGTON,VIRGINIA BEACH,VA,234527448,USA,027079776,"ATLANTIC DIVING SUPPLY, INC.",090161188,"SAFARILAND, LLC",,078602866,13386 INTERNATIONAL PKWY,JACKSONVILLE,FL,322182383,04,USA,,,JACKSONVILLE,FL,322182383,04,USA,SAFARILAND GOVERNMENT SALES,332994,"SMALL ARMS, ORDNANCE, AND ORDNANCE ACCESSORIES MANUFACTURING",,
13964,GSP0614GZ5050,GS06P12GZD0016,199842.00,2015-01-02,2015,2,047,GENERAL SERVICES ADMINISTRATION (GSA),4740,PUBLIC BUILDINGS SERVICE,GZ000,GSA/PUBLIC BUILDINGS SERVICE,DES MOINES,IA,503092115,USA,007988363,"NEUMANN BROTHERS, INC.",048735831,"SWANSON GENTLEMAN HART, INC.",,048735831,742 N 109TH CT,OMAHA,NE,681541799,02,USA,,,DES MOINES,IA,503223740,03,USA,"METAL PANELS AND JOINT/FLASHING SYSTEM AT THE GSA DHS ICE EXPANSION PROJECT AT THE NEAL SMITH FEDERAL BUILDING IN DES MOINES, IOWA.",236220,COMMERCIAL AND INSTITUTIONAL BUILDING CONSTRUCTION,,
P000040570-1,HSCEMS16J00065,HSSS0112D0020,197552.00,2017-06-27,2017,6,070,DEPARTMENT OF HOMELAND SECURITY (DHS),7012,U.S. IMMIGRATION AND CUSTOMS ENFORCEMENT,70CMSW,MISSION SUPPORT WASHINGTON,WASHINGTON,DC,200650003,USA,616205675,"CACI-ISS, INC.",157637570,G.C.MICRO CORPORATION,,,3910 CYPRESS DR,PETALUMA,CA,949545694,06,USA,,,PETALUMA,CA,949545694,06,USA,RADIO AND TELEVISION BROADCASTING AND WIRELESS COMMUNICATIONS EQUIPMENT MANUFACTURING ,334220,RADIO AND TELEVISION BROADCASTING AND WIRELESS COMMUNICATIONS EQUIPMENT MANUFACTURING,,
PO24619,HSCEMS17J00160,HSBP1014D00035,195601.90,2017-09-07,2017,9,070,DEPARTMENT OF HOMELAND SECURITY (DHS),7012,U.S. IMMIGRATION AND CUSTOMS ENFORCEMENT,70CMSW,MISSION SUPPORT WASHINGTON,LA VERNE,CA,917505818,USA,861004349,AARDVARK,832176382,"AXON ENTERPRISE, INC.",,832176382,17800 N 85TH ST,SCOTTSDALE,AZ,852556311,05,USA,,,SCOTTSDALE,AZ,852556311,05,USA,TASER EQUIPMENT,332994,"SMALL ARMS, ORDNANCE, AND ORDNANCE ACCESSORIES MANUFACTURING",,
S900591BES,HSCETC17J00022,HSHQDC14DE2051,186412.44,2017-09-29,2017,9,070,DEPARTMENT OF HOMELAND SECURITY (DHS),7012,U.S. IMMIGRATION AND CUSTOMS ENFORCEMENT,70CTD0,INFORMATION TECHNOLOGY DIVISION,WASHINGTON,DC,205365701,USA,075916762,BOOZ ALLEN HAMILTON ENGINEERING SERVICES LLC,128159105,GRANT THORNTON LLP,,347201258,333 JOHN CARLYLE ST STE 500,ALEXANDRIA,VA,223145767,08,USA,,,ALEXANDRIA,VA,223145743,08,USA,NULL,518210,"DATA PROCESSING, HOSTING, AND RELATED SERVICES",,
IM40084,HSCETE11F00007,GS35F0330J,182738.37,2011-01-13,2011,1,070,DEPARTMENT OF HOMELAND SECURITY (DHS),7012,U.S. IMMIGRATION AND CUSTOMS ENFORCEMENT,TE000,INFORMATION TECHNOLOGY COMMODITIES,MC LEAN,VA,221025102,USA,098692374,IMMIXTECHNOLOGY INC,159803972,"IMMIXGROUP, INC.",,049159957,8444 WESTPARK DR STE 200,MCLEAN,VA,221025112,08,USA,,,MCLEAN,VA,221025102,08,USA,DELIVERY OF IT HARWARE/SOFWARE/MAINTENANCE/SERVICE,541512,COMPUTER SYSTEMS DESIGN SERVICES,,
20760064SKEIT,HSCETC15J00064,HSHQDC13DE2076,163560.00,2015-09-29,2016,9,070,DEPARTMENT OF HOMELAND SECURITY (DHS),7012,U.S. IMMIGRATION AND CUSTOMS ENFORCEMENT,70CTD0,INFORMATION TECHNOLOGY DIVISION,ARLINGTON,VA,222011155,USA,103312802,"ACUITY, INC.",165636205,"EMAGINE IT, INC.",,,"3040 WILLIAMS DRIVE, SUITE 400",FAIRFAX,VA,220314618,11,USA,,,ARLINGTON,VA,222024812,08,USA,"SOFTWARE O&M, ENHANCEMENT, TIER 3 SUPPORT",518210,"DATA PROCESSING, HOSTING, AND RELATED SERVICES",,
14174,GSP0614GZ5050,GS06P12GZD0016,158500.00,2015-05-14,2015,6,047,GENERAL SERVICES ADMINISTRATION (GSA),4740,PUBLIC BUILDINGS SERVICE,GZ000,GSA/PUBLIC BUILDINGS SERVICE,DES MOINES,IA,503092115,USA,007988363,"NEUMANN BROTHERS, INC.",014266832,"CORNERSTONE DETENTION PRODUCTS, INC.",,014266832,14000 AL HIGHWAY 20,MADISON,AL,357564426,05,USA,,,DES MOINES,IA,503092115,03,USA,"PROVIDE AND INSTALL DETENTION EQUIPMENT AT THE FEDERAL BUILDING IN DES MOINES, IOWA FOR THE DHS ICE SALLYPORT EXPANSION PROJECT.",236220,COMMERCIAL AND INSTITUTIONAL BUILDING CONSTRUCTION,,
P000041110,HSCEMS16J00065,HSSS0112D0020,151684.00,2017-07-13,2017,7,070,DEPARTMENT OF HOMELAND SECURITY (DHS),7012,U.S. IMMIGRATION AND CUSTOMS ENFORCEMENT,70CMSW,MISSION SUPPORT WASHINGTON,WASHINGTON,DC,200650003,USA,616205675,"CACI-ISS, INC.",008293961,STANCIL CORPORATION,,,2644 S CRODDY WAY,SANTA ANA,CA,927045238,46,USA,,,SANTA ANA,CA,927045238,46,USA,RADIO AND TELEVISION BROADCASTING AND WIRELESS COMMUNICATIONS EQUIPMENT MANUFACTURING,334220,RADIO AND TELEVISION BROADCASTING AND WIRELESS COMMUNICATIONS EQUIPMENT MANUFACTURING,,
IM73794,HSCETE15F00076,GS35F0265X,147361.87,2015-09-14,2015,9,070,DEPARTMENT OF HOMELAND SECURITY (DHS),7012,U.S. IMMIGRATION AND CUSTOMS ENFORCEMENT,TE000,INFORMATION TECHNOLOGY COMMODITIES,WASHINGTON,DC,205365000,USA,098692374,"IMMIXTECHNOLOGY, INC.",049159957,"ARROW ELECTRONICS, INC.",,049159957,9201 E DRY CREEK RD,CENTENNIAL,CO,801122818,06,USA,,,WASHINGTON,DC,205365000,AL,USA,DELIVERY OF IT HARWARE/SOFWARE/MAINTENANCE/SERVICE,443120,COMPUTER AND SOFTWARE STORES,,
15142,GSP0617GZ0006,GS06P16GZD7010,146883.00,2017-01-13,2017,2,047,GENERAL SERVICES ADMINISTRATION (GSA),4740,PUBLIC BUILDINGS SERVICE,47PG02,PBS R6,DES MOINES,IA,503092115,USA,007988363,"NEUMANN BROTHERS, INC.",010269918,WALSH DOOR & HARDWARE CO.,,010269918,2600 DELAWARE AVE,DES MOINES,IA,503173532,03,USA,,,DES MOINES,IA,50317,03,USA,DOORS AND HARDWARE,236220,COMMERCIAL AND INSTITUTIONAL BUILDING CONSTRUCTION,,
LTGF12012,HSCETC11F00006,GS06F0631Z,143750.00,2012-01-20,2012,5,070,DEPARTMENT OF HOMELAND SECURITY (DHS),7012,U.S. IMMIGRATION AND CUSTOMS ENFORCEMENT,70CTD0,INFORMATION TECHNOLOGY DIVISION,ROCKVILLE,MD,208506379,USA,964553812,"INFOZEN, LLC",968667472,LTG FEDERAL INC.,,,1111 ARLINGTON BLVD #932,ARLINGTON,VA,222093231,08,USA,,,WASHINGTON,DC,200052710,AL,USA,NETWORK SECURITY ENGINEERING SUPPORT,541512,COMPUTER SYSTEMS DESIGN SERVICES,,
BAH.50256,HSCEMS12F00106,HSCEMS12A00020,140871.99,2013-03-01,2013,8,070,DEPARTMENT OF HOMELAND SECURITY (DHS),7012,U.S. IMMIGRATION AND CUSTOMS ENFORCEMENT,MSDC0,MISSION SUPPORT WASHINGTON,ALEXANDRIA,VA,223143415,USA,186576310,"KEARNEY & COMPANY, P.C.",006928857,BOOZ ALLEN HAMILTON INC.,,964725688,8283 GREENSBORO DR,MCLEAN,VA,221023830,08,USA,,,WASHINGTON ,DC,205365098,AL,USA,"AT KEARNEY S DIRECTION, SUBCONTRACTOR WILL PROVIDE PROGRAM MANAGEMENT AND ACQUISITION
 LIFECYCLE SUPPORT SERVICES FOR THE FINANCIAL MANAGEMENT CORE FINANCIAL SYSTEM AND DATA
 WAREHOUSE (FMDW) INITIATIVE (A.K.A., FINANCIAL MANAGEMENT MODERNIZATION EFFORT) FOR
 THE IMMIGRATIONS & CUSTOMS ENFORCEMENT (ICE), OFFICE OF THE CHIEF FINANCIAL OFFICER (OCFO).",541219,OTHER ACCOUNTING SERVICES,,
IM41268,HSCETE11J00064,HSHQDC07D00020,136052.60,2011-03-21,2011,3,070,DEPARTMENT OF HOMELAND SECURITY (DHS),7012,U.S. IMMIGRATION AND CUSTOMS ENFORCEMENT,TE000,INFORMATION TECHNOLOGY COMMODITIES,WASHINGTON,DC,205365000,USA,968451591,ALL POINTS LOGISTICS INCORPORATED,159803972,"IMMIXGROUP, INC.",,049159957,8444 WESTPARK DR STE 200,MCLEAN,VA,221025112,08,USA,,,WASHINGTON,DC,205365000,AL,USA,DELIVERY OF IT HARWARE/SOFWARE/MAINTENANCE/SERVICES,541519,OTHER COMPUTER RELATED SERVICES,,
20130530-02,GSP0613GZ5019,GS06P12GZD0008,135447.00,2013-05-30,2014,1,047,GENERAL SERVICES ADMINISTRATION (GSA),4740,PUBLIC BUILDINGS SERVICE,GZ000,GSA/PUBLIC BUILDINGS SERVICE,SAINT LOUIS,MO,631032818,USA,007849045,"HOF CONSTRUCTION, INC.",006851505,"BEETZ, JOSEPH H PLUMBING CO, INC",,,2659 GRAVOIS AVE,SAINT LOUIS,MO,631181543,03,USA,,,SAINT LOUIS,MO,631032818,01,USA,FURNISH AND INSTALL PLUMBING FIXTURES AND ASSOCIATED PIPING.,236220,COMMERCIAL AND INSTITUTIONAL BUILDING CONSTRUCTION,,
1200314810,HSCETE12J00005,HSHQDC10A00106,135375.00,2011-11-14,2015,8,070,DEPARTMENT OF HOMELAND SECURITY (DHS),7012,U.S. IMMIGRATION AND CUSTOMS ENFORCEMENT,TE000,INFORMATION TECHNOLOGY COMMODITIES,CHANTILLY,VA,201511010,USA,107939357,GTSI CORPORATION,088365767,CARAHSOFT TECHNOLOGY CORP.,,,"1860 MICHAEL FARADAY DR, SUITE 100",RESTON,VA,201905328,08,USA,,,12369 SUNRISE VALLEY DRIVE,VA,201713485,10,USA,"DHS SYMANTEC BPA
 ",443120,COMPUTER AND SOFTWARE STORES,,
PO24413,HSCEMS17F00039,GS07F141DA,126850.70,2017-07-19,2017,7,070,DEPARTMENT OF HOMELAND SECURITY (DHS),7012,U.S. IMMIGRATION AND CUSTOMS ENFORCEMENT,70CMSW,MISSION SUPPORT WASHINGTON,LA VERNE,CA,917505818,USA,861004349,AARDVARK,832176382,"TASER INTERNATIONAL, INC.",,832176382,17800 N 85TH ST,SCOTTSDALE,AZ,852556311,05,USA,,,SCOTTSDALE,AZ,852556311,05,USA,TASER PRODUCTS,315990,APPAREL ACCESSORIES AND OTHER APPAREL MANUFACTURING,,
PO23281,HSCEMS16J00101,HSBP1015D00020,121901.25,2016-09-30,2016,11,070,DEPARTMENT OF HOMELAND SECURITY (DHS),7012,U.S. IMMIGRATION AND CUSTOMS ENFORCEMENT,70CMSW,MISSION SUPPORT WASHINGTON,LA VERNE,CA,917505818,USA,861004349,AARDVARK,832176382,"TASER INTERNATIONAL, INC.",,832176382,17800 N 85TH ST,SCOTTSDALE,AZ,852556311,05,USA,,,SCOTTSDALE,AZ,852556311,05,USA,TASER EQUIPMENT,332993,AMMUNITION (EXCEPT SMALL ARMS) MANUFACTURING,,
201513977,HSCETE15F00061,GS35F5192G,120296.00,2015-08-11,2015,8,070,DEPARTMENT OF HOMELAND SECURITY (DHS),7012,U.S. IMMIGRATION AND CUSTOMS ENFORCEMENT,TE000,INFORMATION TECHNOLOGY COMMODITIES,WASHINGTON,DC,200011188,USA,156992745,"SPECTRUM SYSTEMS, LLC",965232189,"HEWLETT-PACKARD FEDERAL, LLC",,009122532,6600 ROCKLEDGE DR STE 150,BETHESDA,MD,208171806,08,USA,,,WASHINGTON,DC,205360001,AL,USA,SOFTWARE LICENSE AGREEMENT,443120,COMPUTER AND SOFTWARE STORES,,
13947,GSP0614GZ5050,GS06P12GZD0016,120088.00,2015-01-02,2015,2,047,GENERAL SERVICES ADMINISTRATION (GSA),4740,PUBLIC BUILDINGS SERVICE,GZ000,GSA/PUBLIC BUILDINGS SERVICE,DES MOINES,IA,503092115,USA,007988363,"NEUMANN BROTHERS, INC.",163981814,"PARKER WELDING & FABRICATION, INC.",,,721 E LN ST,WINTERSET,IA,502731329,04,USA,,,WINTERSET,IA,502731329,04,USA,"PROVIDE STRUCTURAL STEEL FOR THE GSA DHS ICE EXPANSION PROJECT AT THE NEAL SMITH FEDERAL BLDG IN DES MOINES, IOWA.",236220,COMMERCIAL AND INSTITUTIONAL BUILDING CONSTRUCTION,,
PO00700620,HSCEMS12F00100,GS07F5965P,118910.00,2012-10-03,2012,10,070,DEPARTMENT OF HOMELAND SECURITY (DHS),7012,U.S. IMMIGRATION AND CUSTOMS ENFORCEMENT,MSDC0,MISSION SUPPORT WASHINGTON,VIRGINIA BEACH,VA,234527369,USA,027079776,ATLANTIC DIVING SUPPLY INCORPORATED,054038138,KNIGHT'S ARMAMENT COMPANY,,,701 COLUMBIA BLVD,TITUSVILLE,FL,327807902,24,USA,,,TITUSVILLE,FL,327807902,24,USA,PROVIDE 470 CARBINE RAS,315999,OTHER APPAREL ACCESSORIES AND OTHER APPAREL MANUFACTURING,,
957766,70CMSW18FC0000034,HSCEMS16A00003,111324.00,2018-04-20,2018,4,070,DEPARTMENT OF HOMELAND SECURITY (DHS),7012,U.S. IMMIGRATION AND CUSTOMS ENFORCEMENT,70CMSW,MISSION SUPPORT WASHINGTON,VIRGINIA BEACH,VA,234527448,USA,027079776,"ATLANTIC DIVING SUPPLY, INC.",090161188,"SAFARILAND, LLC",,078602866,13386 INTERNATIONAL PKWY,JACKSONVILLE,FL,322182383,04,USA,,,JACKSONVILLE,FL,322182383,04,USA,SAFARILAND GOVERNMENT SALES,332994,"SMALL ARMS, ORDNANCE, AND ORDNANCE ACCESSORIES MANUFACTURING",,
13976,GSP0614GZ5050,GS06P12GZD0016,109700.00,2015-01-02,2015,2,047,GENERAL SERVICES ADMINISTRATION (GSA),4740,PUBLIC BUILDINGS SERVICE,GZ000,GSA/PUBLIC BUILDINGS SERVICE,DES MOINES,IA,503092115,USA,007988363,"NEUMANN BROTHERS, INC.",023388901,"CABLE GLASS, L.L.C.",,023388901,1259 STAINEY RD,HIAWATHA,IA,522339501,02,USA,,,DES MOINES,IA,503143120,03,USA,"GLASS AND GLAZING FOR THE GSA DHS ICE EXPANSION PROJECT AT THE NEAL SMITH FEDERAL BUILDING IN DES MOINES, IOWA.",236220,COMMERCIAL AND INSTITUTIONAL BUILDING CONSTRUCTION,,
13958,GSP0614GZ5050,GS06P12GZD0016,109660.00,2015-01-02,2015,2,047,GENERAL SERVICES ADMINISTRATION (GSA),4740,PUBLIC BUILDINGS SERVICE,GZ000,GSA/PUBLIC BUILDINGS SERVICE,DES MOINES,IA,503092115,USA,007988363,"NEUMANN BROTHERS, INC.",144885295,"HILSABECK, SCHACHT INC",,,617 S 19TH ST,WEST DES MOINES,IA,502655507,03,USA,,,DES MOINES,IA,502655507,03,USA,"DRYWALL, METAL FRAMING, INSULATION AND ACOUSTICAL CEILING PORTION OF THE DHS ICE EXPANSION PROJECT AT THE NEAL SMITH FEDERAL BUILDING IN DES MOINES, IA.",236220,COMMERCIAL AND INSTITUTIONAL BUILDING CONSTRUCTION,,
20130514-01,GSP0613GZ5019,GS06P12GZD0008,105719.00,2013-05-14,2014,1,047,GENERAL SERVICES ADMINISTRATION (GSA),4740,PUBLIC BUILDINGS SERVICE,GZ000,GSA/PUBLIC BUILDINGS SERVICE,SAINT LOUIS,MO,631032818,USA,007849045,"HOF CONSTRUCTION, INC.",163641983,W.J. ELECTRIC LLC,,,174 CLARKSON EXECUTIVE PARK,ELLISVILLE,MO,630112114,02,USA,,,SAINT LOUIS,MO,631032818,01,USA,"FURNISH AND INSTALL LIGHT FIXTURES, POWER, OUTLETS, SWITCHES, PANELS, AND WIRING.",236220,COMMERCIAL AND INSTITUTIONAL BUILDING CONSTRUCTION,,
3492-0001 TO14,HSCEMR13F00044,GS23F8132H,99944.38,2013-11-12,2013,11,070,DEPARTMENT OF HOMELAND SECURITY (DHS),7012,U.S. IMMIGRATION AND CUSTOMS ENFORCEMENT,70CMSR,MISSION SUPPORT ORLANDO,WASHINGTON,DC,200242541,USA,187107958,DELOITTE & TOUCHE LLP,114800001,"MERCURY ASSOCIATES, INC.",,114800001,16051 COMPRINT CIR,GAITHERSBURG,MD,208771320,08,USA,,,WASHINGTON,DC,200242541,AL,USA,DHS ICE OCFO PERSONAL PROPERTY TASK ORDER SUPPORT.,541219,OTHER ACCOUNTING SERVICES,,
3511-0001 TO-14,HSCEMS13F00058,HSCEMS12A00017,98010.00,2013-10-02,2013,10,070,DEPARTMENT OF HOMELAND SECURITY (DHS),7012,U.S. IMMIGRATION AND CUSTOMS ENFORCEMENT,70CMSW,MISSION SUPPORT WASHINGTON,WASHINGTON,DC,200013710,USA,187107958,DELOITTE & TOUCHE L.L.P.,039608406,"HCD INTERNATIONAL, INC.",,,4390 PARLIAMENT PLACE STE A,LANHAM,MD,207061866,04,USA,,,WASHINGTON,DC,200013710,AL,USA,DHS ICE OCFO OPERATION SUPPORT SERVICES,541219,OTHER ACCOUNTING SERVICES,,
3203-0002,HSCEMR13F00044,GS23F8132H,89729.28,2013-02-27,2013,10,070,DEPARTMENT OF HOMELAND SECURITY (DHS),7012,U.S. IMMIGRATION AND CUSTOMS ENFORCEMENT,70CMSR,MISSION SUPPORT ORLANDO,WASHINGTON,DC,200242541,USA,187107958,DELOITTE & TOUCHE LLP,780241071,"AHMAD ASSOCIATES, LIMITED, A PROFESSIONAL CORPORATION",,,8230 OLD COURTHOUSE RD STE 210,VIENNA,VA,221823853,11,USA,,,WASHINGTON,DC,200242541,AL,USA,DHS ICE OCFO PERSONAL PROPERTY TASK ORDER SUPPORT.,541219,OTHER ACCOUNTING SERVICES,,
20130530-03,GSP0613GZ5019,GS06P12GZD0008,89000.00,2013-05-30,2014,1,047,GENERAL SERVICES ADMINISTRATION (GSA),4740,PUBLIC BUILDINGS SERVICE,GZ000,GSA/PUBLIC BUILDINGS SERVICE,SAINT LOUIS,MO,631032818,USA,007849045,"HOF CONSTRUCTION, INC.",085904456,"IMPERIAL ORNAMENTAL METAL CO., INC.",,,635 S OLD HIGHWAY 141,FENTON,MO,630264824,03,USA,,,SAINT LOUIS,MO,631032818,01,USA,FURNISH AND INSTALL STRUCTURAL STEEL.,236220,COMMERCIAL AND INSTITUTIONAL BUILDING CONSTRUCTION,,
3234-0001 TO 14,HSCEMR13F00040,GS23F8132H,88992.00,2013-11-01,2013,11,070,DEPARTMENT OF HOMELAND SECURITY (DHS),7012,U.S. IMMIGRATION AND CUSTOMS ENFORCEMENT,70CMSR,MISSION SUPPORT ORLANDO,WASHINGTON,DC,200242541,USA,187107958,DELOITTE & TOUCHE LLP,627810476,"FEDERAL MANAGEMENT SYSTEMS, INC.",,627810476,462 K ST NW,WASHINGTON,DC,200012531,AL,USA,,,WASHINGTON,DC,200242541,AL,USA,DHS ICE OCFO OFA TASK ORDER SUPPORT,541219,OTHER ACCOUNTING SERVICES,,
P010204383-0,0002,N6600113D0046,86017.00,2014-05-05,2014,5,097,DEPARTMENT OF DEFENSE (DOD),1700,DEPT OF THE NAVY,N66001,SPACE AND NAVAL WARFARE SYSTEMS,LAREDO,TX,780402208,USA,078883327,SCIENCE APPLICATIONS INTERNATIONAL CORPORATION,072621006,"DALEY TOWER SERVICE, INC.",,,1223 W GLORIA SWITCH RD,CARENCRO,LA,705206137,07,USA,,,CARENCRO,LA,705206137,07,USA,"MICROWAVE TOWER STRUTURAL ANALYSIS
 ",541330,ENGINEERING SERVICES,,
200052710,HSCETC11F00006,GS06F0631Z,86000.00,2012-03-12,2012,5,070,DEPARTMENT OF HOMELAND SECURITY (DHS),7012,U.S. IMMIGRATION AND CUSTOMS ENFORCEMENT,70CTD0,INFORMATION TECHNOLOGY DIVISION,ROCKVILLE,MD,208506379,USA,964553812,"INFOZEN, LLC",161185269,"TWD & ASSOCIATES, INC.",,161185269,2800 SHIRLINGTON RD STE 400,ARLINGTON,VA,222063615,08,USA,,,WASHINGTON,DC,200052710,AL,USA,"THE CONTRACTOR SHALL PROVIDE OVERALL PROGRAM MANAGEMENT FOR THE DELIVERY OF ALL ENGINEERING SERVICES UNDER THIS REQUIREMENT.  THE CONTRACTOR SHALL PROVIDE EXPERIENCED PERSONNEL TO SUPPORT ONGOING AND ALL NEW INFORMATION TECHNOLOGY ENGINEERING WORK INCLUDING, BUT NOT LIMITED TO, INFRASTRUCTURE MODERNIZATION PROJECTS, APPLICATION MODERNIZATION PROJECTS, AND ANY NEW OCIO DIRECTED IT INITIATIVES INCLUDING DISASTER RECOVERY ACTIVITIES FOR THOSE PROJECTS OR INITIATIVES.  MIGRATIONS SUCH AS PHYSICAL INFRASTRUCTURE, SYSTEMS, OR PLATFORM MIGRATION OF SYSTEMS MAY ALSO BE REQUIRED.",541512,COMPUTER SYSTEMS DESIGN SERVICES,,
20130509-01,GSP0613GZ5019,GS06P12GZD0008,83885.00,2013-05-09,2014,1,047,GENERAL SERVICES ADMINISTRATION (GSA),4740,PUBLIC BUILDINGS SERVICE,GZ000,GSA/PUBLIC BUILDINGS SERVICE,SAINT LOUIS,MO,631032818,USA,007849045,"HOF CONSTRUCTION, INC.",848319039,"HAWKINS CONSTRUCTION & FLAT WORK CONTRACTING CO., INC",,,221 OFALLON PLZ,O FALLON,MO,633662653,02,USA,,,SAINT LOUIS,MO,631032818,01,USA,PROVIDE FOUNDATION AND FLAT WORK SERVICES.,236220,COMMERCIAL AND INSTITUTIONAL BUILDING CONSTRUCTION,,
PO25574-25591,70CMSW18FR0000031,HSBP1015D00020,82054.35,2018-03-27,2018,4,070,DEPARTMENT OF HOMELAND SECURITY (DHS),7012,U.S. IMMIGRATION AND CUSTOMS ENFORCEMENT,70CMSW,MISSION SUPPORT WASHINGTON,LA VERNE,CA,917505818,USA,861004349,AARDVARK,090161188,"SAFARILAND, LLC",,078602866,13386 INTERNATIONAL PKWY,JACKSONVILLE,FL,322182383,04,USA,,,JACKSONVILLE,FL,322182383,04,USA,MUNITIONS,332993,AMMUNITION (EXCEPT SMALL ARMS) MANUFACTURING,,
20130517-01,GSP0613GZ5019,GS06P12GZD0008,79595.00,2013-05-17,2014,1,047,GENERAL SERVICES ADMINISTRATION (GSA),4740,PUBLIC BUILDINGS SERVICE,GZ000,GSA/PUBLIC BUILDINGS SERVICE,SAINT LOUIS,MO,631032818,USA,007849045,"HOF CONSTRUCTION, INC.",075892232,KOELLING'S BRICKLAYING INC,,,220 PORTERFORD RD,UNION,MO,630842020,09,USA,,,SAINT LOUIS,MO,631032818,01,USA,"FURNISH AND INSTALL BRICKS, STONES, CAPS AND ASSOCIATED ACCESSORIES.",236220,COMMERCIAL AND INSTITUTIONAL BUILDING CONSTRUCTION,,
902472,HSCEMS17J00019,HSCEMS16A00003,77700.00,2017-03-28,2017,3,070,DEPARTMENT OF HOMELAND SECURITY (DHS),7012,U.S. IMMIGRATION AND CUSTOMS ENFORCEMENT,70CMSW,MISSION SUPPORT WASHINGTON,ALTOONA,PA,166019484,USA,027079776,"ATLANTIC DIVING SUPPLY, INC.",071463046,"STREAMLIGHT, INC.",,,30 EAGLEVILLE RD,EAGLEVILLE,PA,194031476,07,USA,,,EAGLEVILLE,PA,194031476,07,USA,TACTICAL GEAR,332994,"SMALL ARMS, ORDNANCE, AND ORDNANCE ACCESSORIES MANUFACTURING",,
13GEP08-15051,GSP0713UK5036,GS07P99HHD0094,77470.00,2013-11-30,2014,2,047,GENERAL SERVICES ADMINISTRATION (GSA),4740,PUBLIC BUILDINGS SERVICE,UK000,GSA/PBS  BORDER SECTION,EL PASO,TX,799012415,USA,122361173,RAYCO CONSTRUCTION INCORPORATED (0813),809411036,"GATEWAY AIR CONDITIONING AND SHEET METAL CO., INC.",,,3117 ROSA AVE,EL PASO,TX,799051023,16,USA,,,EL PAO,TX,799012415,16,USA,MECHANICAL,233320,,,
1200315024,HSCETE12J00001,HSHQDC10A00106,69705.38,2011-11-18,2015,8,070,DEPARTMENT OF HOMELAND SECURITY (DHS),7012,U.S. IMMIGRATION AND CUSTOMS ENFORCEMENT,TE000,INFORMATION TECHNOLOGY COMMODITIES,WASHINGTON,DC,205365000,USA,107939357,GTSI CORPORATION,064696941,SYMANTEC CORPORATION,,064696941,350 ELLIS ST,MOUNTAIN VIEW,CA,940432202,14,USA,,,DALLAS,TX,75284,30,USA,DHS SYMANTEC BPA,443120,COMPUTER AND SOFTWARE STORES,,
P000045262,HSCEMS16J00065,HSSS0112D0020,68516.07,2017-10-26,2017,10,070,DEPARTMENT OF HOMELAND SECURITY (DHS),7012,U.S. IMMIGRATION AND CUSTOMS ENFORCEMENT,70CMSW,MISSION SUPPORT WASHINGTON,WASHINGTON,DC,200650003,USA,616205675,"CACI-ISS, INC.",800095163,"INTERNATIONAL TOWERS, INCORPORATED",,,8061 W TANGERINE RD,MARANA,AZ,856589683,08,USA,,,MARANA,AZ,856589683,08,USA,RADIO AND TELEVISION BROADCASTING AND WIRELESS COMMUNICATIONS EQUIPMENT MANUFACTURING,334220,RADIO AND TELEVISION BROADCASTING AND WIRELESS COMMUNICATIONS EQUIPMENT MANUFACTURING,,
15152,GSP0617GZ0006,GS06P16GZD7010,67676.00,2017-01-20,2017,2,047,GENERAL SERVICES ADMINISTRATION (GSA),4740,PUBLIC BUILDINGS SERVICE,47PG02,PBS R6,DES MOINES,IA,503092115,USA,007988363,"NEUMANN BROTHERS, INC.",096521265,"IDEAL FLOORS, INC",,,2216 GEORGE FLAGG PKWY,DES MOINES,IA,503211151,03,USA,,,DES MOINES,IA,503211151,03,USA,INSTALL FLOORING,236220,COMMERCIAL AND INSTITUTIONAL BUILDING CONSTRUCTION,,
P000021716,0011,N6600113D0047,65575.24,2014-11-12,2015,2,097,DEPARTMENT OF DEFENSE (DOD),1700,DEPT OF THE NAVY,N66001,SPACE AND NAVAL WARFARE SYSTEMS,EL CENTRO,CA,922445282,USA,928859149,SERCO INC.,006928857,BOOZ ALLEN HAMILTON INC.,,964725688,8283 GREENSBORO DR,MCLEAN,VA,221023830,08,USA,,,SAN DIEGO,CA,921525001,53,CA,ENGINEERING SUPPORT.,541330,ENGINEERING SERVICES,,
13914,GSP0614GZ5050,GS06P12GZD0016,65000.00,2014-12-02,2015,1,047,GENERAL SERVICES ADMINISTRATION (GSA),4740,PUBLIC BUILDINGS SERVICE,GZ000,GSA/PUBLIC BUILDINGS SERVICE,DES MOINES,IA,503092115,USA,007988363,"NEUMANN BROTHERS, INC.",177690240,FOUNDATION SERVICE CORP.,,,220 WATERLOO RD,HUDSON,IA,506439717,01,USA,,,DES MOINES,IA,502655308,03,USA,"GEOPIER SYSTEM TO STABILIZE SOIL BELOW THE NEW FOUNDATIONS AND BUILDING SLAB AT THE DHS ICE EXPANSION PROJECT AT THE NEAL SMITH FEDERAL BUILDING IN DES MOINES, IOWA.",236220,COMMERCIAL AND INSTITUTIONAL BUILDING CONSTRUCTION,,
15229,GSP0617GZ0006,GS06P16GZD7010,63745.00,2017-03-07,2017,4,047,GENERAL SERVICES ADMINISTRATION (GSA),4740,PUBLIC BUILDINGS SERVICE,47PG02,PBS R6,DES MOINES,IA,503092115,USA,007988363,"NEUMANN BROTHERS, INC.",023388901,"CABLE GLASS, L.L.C.",,023388901,1259 STAINEY RD,HIAWATHA,IA,522339501,02,USA,,,DES MOINES,IA,503143120,03,USA,GLASS AND GLAZING,236220,COMMERCIAL AND INSTITUTIONAL BUILDING CONSTRUCTION,,
20130507-01,GSP0613GZ5019,GS06P12GZD0008,63604.00,2013-05-07,2014,1,047,GENERAL SERVICES ADMINISTRATION (GSA),4740,PUBLIC BUILDINGS SERVICE,GZ000,GSA/PUBLIC BUILDINGS SERVICE,SAINT LOUIS,MO,631032818,USA,007849045,"HOF CONSTRUCTION, INC.",057744252,LAKESIDE ROOFING COMPANY,,,2205 VANDALIA ST,COLLINSVILLE,IL,622344855,19,USA,,,SAINT LOUIS,MO,631032818,01,USA,FURNISH AND INSTALL GARLAND ROOFING.,236220,COMMERCIAL AND INSTITUTIONAL BUILDING CONSTRUCTION,,
13GEP08-16051,GSP0713UK5036,GS07P99HHD0094,61945.00,2013-11-30,2014,2,047,GENERAL SERVICES ADMINISTRATION (GSA),4740,PUBLIC BUILDINGS SERVICE,UK000,GSA/PBS  BORDER SECTION,EL PASO,TX,799012415,USA,122361173,RAYCO CONSTRUCTION INCORPORATED (0813),069942626,COEFFICIENT SYSTEMS TESTING INC,,,2706 E YANDELL DR,EL PASO,TX,79903,16,USA,,,EL PASO,TX,799012415,16,USA,ELECTICAL,233320,,,
945355,70CMSW18FC0000015,HSCEMS16A00003,60816.00,2018-02-09,2018,2,070,DEPARTMENT OF HOMELAND SECURITY (DHS),7012,U.S. IMMIGRATION AND CUSTOMS ENFORCEMENT,70CMSW,MISSION SUPPORT WASHINGTON,VIRGINIA BEACH,VA,234527448,USA,027079776,"ATLANTIC DIVING SUPPLY, INC.",071463046,"STREAMLIGHT, INC.",,,30 EAGLEVILLE RD,EAGLEVILLE,PA,194031476,07,USA,,,EAGLEVILLE,PA,194031422,07,USA,STREAMLIGHT,332994,"SMALL ARMS, ORDNANCE, AND ORDNANCE ACCESSORIES MANUFACTURING",,
MCS.50256.0112,HSCEMS12F00106,HSCEMS12A00020,58800.00,2013-01-14,2013,8,070,DEPARTMENT OF HOMELAND SECURITY (DHS),7012,U.S. IMMIGRATION AND CUSTOMS ENFORCEMENT,MSDC0,MISSION SUPPORT WASHINGTON,ALEXANDRIA,VA,223143415,USA,186576310,"KEARNEY & COMPANY, P.C.",826339892,MICORE SOLUTIONS INC.,,,11600 SUNRISE VALLEY DR STE 420,RESTON,VA,201911417,08,USA,,,WASHINGTON,DC,205365098,AL,USA,"AT KEARNEY S DIRECTION, SUBCONTRACTOR WILL PROVIDE PROGRAM MANAGEMENT AND ACQUISITION
 LIFECYCLE SUPPORT SERVICES FOR THE FINANCIAL MANAGEMENT CORE FINANCIAL SYSTEM AND DATA
 WAREHOUSE (FMDW) INITIATIVE (A.K.A., FINANCIAL MANAGEMENT MODERNIZATION EFFORT) FOR
 THE IMMIGRATIONS & CUSTOMS ENFORCEMENT (ICE), OFFICE OF THE CHIEF FINANCIAL OFFICER (OCFO).",541219,OTHER ACCOUNTING SERVICES,,
15223,GSP0617GZ0006,GS06P16GZD7010,58649.00,2017-03-03,2017,4,047,GENERAL SERVICES ADMINISTRATION (GSA),4740,PUBLIC BUILDINGS SERVICE,47PG02,PBS R6,DES MOINES,IA,503092115,USA,007988363,"NEUMANN BROTHERS, INC.",022122196,WES JARNAGIN INC,,,6395 NW BEAVER DR,JOHNSTON,IA,501311304,03,USA,,,DES MOINES,IA,503143120,03,USA,PAINTING,236220,COMMERCIAL AND INSTITUTIONAL BUILDING CONSTRUCTION,,
15-205-PL,GS10P15LTP0017,GS10P14LTD0037,57215.46,2015-06-10,2015,6,047,GENERAL SERVICES ADMINISTRATION (GSA),4740,PUBLIC BUILDINGS SERVICE,LT000,GSA/PBS,PORT ANGELES,WA,983629999,USA,079174904,RONSONS SDVOSB P&L JV-1,004900692,"P & L GENERAL CONTRACTORS, INC.",,,2780 NE GOLDIE STREET # C,OAK HARBOR,WA,982772702,02,USA,,,PORT ANGELES,WA,98362,06,USA,"SUPERVISION, ACCOUNTING SUPPORT, SCHEDULING, REPLACE FLOORING, INTERIOR PAINTING, ELECTRICAL UPGRADES.",236220,COMMERCIAL AND INSTITUTIONAL BUILDING CONSTRUCTION,,
1200334943,HSCETE13J00211,HSHQDC11A00042,56422.71,2013-09-30,2015,8,070,DEPARTMENT OF HOMELAND SECURITY (DHS),7012,U.S. IMMIGRATION AND CUSTOMS ENFORCEMENT,TE000,INFORMATION TECHNOLOGY COMMODITIES,WASHINGTON,DC,205360001,USA,107939357,GTSI CORP.,829160865,ARROW ENTERPRISE COMPUTING SOLUTIONS INC.,,049159957,7459 S LIMA ST BLDG 2,ENGLEWOOD,CO,801123879,06,USA,,,LOS ANGELES,CA,90045,43,USA,DHS SOFTWARE SOLUTIONS,541519,OTHER COMPUTER RELATED SERVICES,,
15-205-RDC,GS10P15LTP0017,GS10P14LTD0037,55704.96,2015-06-10,2015,6,047,GENERAL SERVICES ADMINISTRATION (GSA),4740,PUBLIC BUILDINGS SERVICE,LT000,GSA/PBS,PORT ANGELES,WA,983629999,USA,079174904,RONSONS SDVOSB P&L JV-1,801965281,"RONSONS DESIGN & CONSTRUCTION, LLC",,,4367 VANDERWELL RD,OAK HARBOR,WA,982779487,02,USA,,,PORT ANGELES,WA,98362,06,USA,"PROJECT MANAGEMENT, ABATEMENT, PROVIDE AND INSTALL NEW FURNITURE PACKAGE (FF&E). ",236220,COMMERCIAL AND INSTITUTIONAL BUILDING CONSTRUCTION,,
RCM212ICE,HSCETC11F00006,GS06F0631Z,54000.00,2012-02-13,2012,5,070,DEPARTMENT OF HOMELAND SECURITY (DHS),7012,U.S. IMMIGRATION AND CUSTOMS ENFORCEMENT,70CTD0,INFORMATION TECHNOLOGY DIVISION,ROCKVILLE,MD,208506379,USA,964553812,"INFOZEN, LLC",084770619,"R C M TECHNOLOGIES, INC.",,084770619,2500 MCCLELLAN AVE STE 350,PENNSAUKEN,NJ,081094617,01,USA,,,WASHINGTON,DC,200052710,AL,USA,"THE CONTRACTOR SHALL PROVIDE OVERALL PROGRAM MANAGEMENT FOR THE DELIVERY OF ALL ENGINEERING SERVICES UNDER THIS REQUIREMENT.  THE CONTRACTOR SHALL PROVIDE EXPERIENCED PERSONNEL TO SUPPORT ONGOING AND ALL NEW INFORMATION TECHNOLOGY ENGINEERING WORK INCLUDING, BUT NOT LIMITED TO, INFRASTRUCTURE MODERNIZATION PROJECTS, APPLICATION MODERNIZATION PROJECTS, AND ANY NEW OCIO DIRECTED IT INITIATIVES INCLUDING DISASTER RECOVERY ACTIVITIES FOR THOSE PROJECTS OR INITIATIVES.  MIGRATIONS SUCH AS PHYSICAL INFRASTRUCTURE, SYSTEMS, OR PLATFORM MIGRATION OF SYSTEMS MAY ALSO BE REQUIRED.",541512,COMPUTER SYSTEMS DESIGN SERVICES,,
916124,HSCEMS17J00145,HSCEMS16A00003,53550.00,2017-07-27,2017,7,070,DEPARTMENT OF HOMELAND SECURITY (DHS),7012,U.S. IMMIGRATION AND CUSTOMS ENFORCEMENT,70CMSW,MISSION SUPPORT WASHINGTON,VIRGINIA BEACH,VA,234527448,USA,027079776,"ATLANTIC DIVING SUPPLY, INC.",071463046,"STREAMLIGHT, INC.",,,30 EAGLEVILLE RD,EAGLEVILLE,PA,194031476,07,USA,,,EAGLEVILLE,PA,194031476,07,USA,TACTICAL GEAR,332994,"SMALL ARMS, ORDNANCE, AND ORDNANCE ACCESSORIES MANUFACTURING",,
20130521-01,GSP0613GZ5019,GS06P12GZD0008,53483.00,2013-05-21,2014,1,047,GENERAL SERVICES ADMINISTRATION (GSA),4740,PUBLIC BUILDINGS SERVICE,GZ000,GSA/PUBLIC BUILDINGS SERVICE,SAINT LOUIS,MO,631032818,USA,007849045,"HOF CONSTRUCTION, INC.",949776439,J. F. AHERN CO.,,008960122,5555 W PARK AVE,SAINT LOUIS,MO,631101852,03,USA,,,SAINT LOUIS,MO,631032818,01,USA,FURNISH AND INSTALL FIRE SPRINKLER PIPING.,236220,COMMERCIAL AND INSTITUTIONAL BUILDING CONSTRUCTION,,
13945,GSP0614GZ5050,GS06P12GZD0016,51985.00,2015-01-02,2015,2,047,GENERAL SERVICES ADMINISTRATION (GSA),4740,PUBLIC BUILDINGS SERVICE,GZ000,GSA/PUBLIC BUILDINGS SERVICE,DES MOINES,IA,503092115,USA,007988363,"NEUMANN BROTHERS, INC.",056728090,"DOORS, INCORPORATED",,056728090,300 SW 6TH ST,DES MOINES,IA,503094606,03,USA,,,DES MOINES,IA,503094606,03,USA,FURNISH DOORS AND HARDWARE FOR THE GSA DHS ICE/SALLYPORT DENTENTION PROJECT AT THE NEAL SMITH FEDERAL BUILDING.,236220,COMMERCIAL AND INSTITUTIONAL BUILDING CONSTRUCTION,,
S900949BES,HSCETC17J00022,HSHQDC14DE2051,48611.50,2018-01-21,2018,1,070,DEPARTMENT OF HOMELAND SECURITY (DHS),7012,U.S. IMMIGRATION AND CUSTOMS ENFORCEMENT,70CTD0,INFORMATION TECHNOLOGY DIVISION,WASHINGTON,DC,205365701,USA,075916762,BOOZ ALLEN HAMILTON ENGINEERING SERVICES LLC,080319172,"ALPINE CONSULTING PARTNERS, LLC",,,2001 16TH ST NW #606,WASHINGTON,DC,200093416,AL,USA,,,WASHINGTON,DC,205365098,AL,USA,"PROVIDE SERVICES FOR ICE RELATED TO THE OPERATIONS, CORRECTIVE MAINTENANCE, REQUIREMENTS, DESIGN AND STRATEGIC PLANNING, AND DEVELOPMENT/ MODERNIZATION/ ENHANCEMENT (DME) OF THE AGENCY S BUSINESS MANAGEMENT DASHBOARD (BMD)/ BUSINESS ANALYTICS SUPPORT SYSTEM (BASS) AND OTHER RELATED INFORMATION TECHNOLOGY (IT) SYSTEMS",518210,"DATA PROCESSING, HOSTING, AND RELATED SERVICES",,
15140,GSP0617GZ0006,GS06P16GZD7010,47484.00,2017-01-13,2017,2,047,GENERAL SERVICES ADMINISTRATION (GSA),4740,PUBLIC BUILDINGS SERVICE,47PG02,PBS R6,DES MOINES,IA,503092115,USA,007988363,"NEUMANN BROTHERS, INC.",018255567,"ARCHITECTURAL ARTS, INC.",,018255567,2200 E OVID AVE,DES MOINES,IA,503134747,03,USA,,,DES MOINES,IA,503134747,03,USA,MILLWORK,236220,COMMERCIAL AND INSTITUTIONAL BUILDING CONSTRUCTION,,
15149,GSP0617GZ0006,GS06P16GZD7010,47410.00,2017-01-20,2017,2,047,GENERAL SERVICES ADMINISTRATION (GSA),4740,PUBLIC BUILDINGS SERVICE,47PG02,PBS R6,DES MOINES,IA,503092115,USA,007988363,"NEUMANN BROTHERS, INC.",007267933,"O'KEEFE ELEVATOR COMPANY, INC.",,007267933,1402 JONES ST,OMAHA,NE,681023218,02,USA,,,DES MOINES,IA,50314,03,USA,INSTALL ELEVATOR,236220,COMMERCIAL AND INSTITUTIONAL BUILDING CONSTRUCTION,,
13959,GSP0614GZ5050,GS06P12GZD0016,47397.00,2015-01-02,2015,2,047,GENERAL SERVICES ADMINISTRATION (GSA),4740,PUBLIC BUILDINGS SERVICE,GZ000,GSA/PUBLIC BUILDINGS SERVICE,DES MOINES,IA,503092115,USA,007988363,"NEUMANN BROTHERS, INC.",603708335,US ERECTORS,,,1226 ILLINOIS ST,DES MOINES,IA,503143106,03,USA,,,DES MOINES,IA,503143106,03,USA,"STRUCTURAL STEEL ERECTION FOR THE NEAL SMITH FEDERAL BUILDING DHS ICE EXPANSION PROJECT IN DES MOINES, IOWA.",236220,COMMERCIAL AND INSTITUTIONAL BUILDING CONSTRUCTION,,
15167,GSP0617GZ0006,GS06P16GZD7010,46215.00,2017-01-20,2017,2,047,GENERAL SERVICES ADMINISTRATION (GSA),4740,PUBLIC BUILDINGS SERVICE,47PG02,PBS R6,DES MOINES,IA,503092115,USA,007988363,"NEUMANN BROTHERS, INC.",148467850,IOWA CONCRETE CUTTING INC,,,120 W 72ND ST STE 200,KANSAS CITY,MO,641145702,05,USA,,,DES MOINES,IA,50313,03,USA,CUTTING AND REMOVAL OF CONCRETE.,236220,COMMERCIAL AND INSTITUTIONAL BUILDING CONSTRUCTION,,
13956,GSP0614GZ5050,GS06P12GZD0016,45500.00,2015-01-02,2015,2,047,GENERAL SERVICES ADMINISTRATION (GSA),4740,PUBLIC BUILDINGS SERVICE,GZ000,GSA/PUBLIC BUILDINGS SERVICE,DES MOINES,IA,503092115,USA,007988363,"NEUMANN BROTHERS, INC.",051606601,SKOLD COMMERCIAL CONTRACTING INC,,,5730 NE 17TH ST STE 20,DES MOINES,IA,503131649,03,USA,,,DES MOINES,IA,503131649,03,USA,"RESINOUS WALL COATINGS FOR THE GSA DHS ICE EXPANSION PROJECT AT THE NEAL SMITH FEDERAL BUILDING IN DES MOINES, IOWA.",236220,COMMERCIAL AND INSTITUTIONAL BUILDING CONSTRUCTION,,
1200334952,HSCETE13J00163,HSHQDC11A00042,45363.36,2013-09-30,2015,8,070,DEPARTMENT OF HOMELAND SECURITY (DHS),7012,U.S. IMMIGRATION AND CUSTOMS ENFORCEMENT,TE000,INFORMATION TECHNOLOGY COMMODITIES,WASHINGTON,DC,205360001,USA,107939357,GTSI CORP.,829160865,ARROW ENTERPRISE COMPUTING SOLUTIONS INC.,,049159957,7459 S LIMA ST BLDG 2,ENGLEWOOD,CO,801123879,06,USA,,,LOS ANGELES,CA,90045,43,USA,DHS SOFTWARE SOLUTIONS,541519,OTHER COMPUTER RELATED SERVICES,,
PO25481-25489,70CMSW18FR0000030,HSBP1015D00020,43633.00,2018-03-06,2018,3,070,DEPARTMENT OF HOMELAND SECURITY (DHS),7012,U.S. IMMIGRATION AND CUSTOMS ENFORCEMENT,70CMSW,MISSION SUPPORT WASHINGTON,LA VERNE,CA,917505818,USA,861004349,AARDVARK,090161188,"SAFARILAND, LLC",,078602866,13386 INTERNATIONAL PKWY,JACKSONVILLE,FL,322182383,04,USA,,,JACKSONVILLE,FL,322182383,04,USA,MUNITIONS,332993,AMMUNITION (EXCEPT SMALL ARMS) MANUFACTURING,,
201110873,HSCETE11F00142,GS35F5192G,43392.00,2011-09-16,2011,9,070,DEPARTMENT OF HOMELAND SECURITY (DHS),7012,U.S. IMMIGRATION AND CUSTOMS ENFORCEMENT,TE000,INFORMATION TECHNOLOGY COMMODITIES,FAIRFAX,VA,220300987,USA,156992745,"SPECTRUM SYSTEMS, INC.",835130485,INTERNATIONAL BUSINESS MACHINES CORPORATION,,001368083,6710 ROCKLEDGE DR,BETHESDA,MD,208171826,08,USA,,,WASHINGTON,DC,205360001,AL,USA,SOFTWARE LICENSE PLUS FIRST YEAR MAINTENANCE,443120,COMPUTER AND SOFTWARE STORES,,
16110-0813,GSP0616GZ7019,GS06P12GZD0024,42912.00,2016-01-15,2016,5,047,GENERAL SERVICES ADMINISTRATION (GSA),4740,PUBLIC BUILDINGS SERVICE,47PG02,PBS R6,SAINT LOUIS,MO,631032818,USA,002828853,TARLTON CORPORATION,071998207,"JOHN BENDER, INC.",,071998207,2600 ENDICOTT AVE,SAINT LOUIS,MO,631145113,01,USA,,,ST. LOUIS,MO,631032818,01,USA,"METAL STUD FRAMING, GYPSUM DRYWALL & TAPING",236220,COMMERCIAL AND INSTITUTIONAL BUILDING CONSTRUCTION,,
P000045008,HSCEMS16J00065,HSSS0112D0020,40911.50,2017-10-17,2017,10,070,DEPARTMENT OF HOMELAND SECURITY (DHS),7012,U.S. IMMIGRATION AND CUSTOMS ENFORCEMENT,70CMSW,MISSION SUPPORT WASHINGTON,WASHINGTON,DC,200650003,USA,616205675,"CACI-ISS, INC.",069373090,"MOTOROLA SOLUTIONS, INC.",,001325463,809 PINNACLE DR STE G,LINTHICUM HEIGHTS,MD,210902535,03,USA,,,LINTHICUM HEIGHTS,MD,210902535,03,USA,RADIO AND TELEVISION BROADCASTING AND WIRELESS COMMUNICATIONS EQUIPMENT MANUFACTURING,334220,RADIO AND TELEVISION BROADCASTING AND WIRELESS COMMUNICATIONS EQUIPMENT MANUFACTURING,,
13960,GSP0614GZ5050,GS06P12GZD0016,40769.00,2015-01-02,2015,2,047,GENERAL SERVICES ADMINISTRATION (GSA),4740,PUBLIC BUILDINGS SERVICE,GZ000,GSA/PUBLIC BUILDINGS SERVICE,DES MOINES,IA,503092115,USA,007988363,"NEUMANN BROTHERS, INC.",877202499,MIDWEST CAULKING INC,,,107 S 11TH ST,WEST DES MOINES,IA,502654410,03,USA,,,DES MOINES,IA,502654410,03,USA,"EPOXY FLOORING SYSTEM, JOINT SEALANT, MASONRY CONTROL JOINT SEALANT ON THE DHS ICE EXPANSION PROJECT AT THE NEAL SMITH FEDERAL BUILDING IN DES MOINES, IOWA.",236220,COMMERCIAL AND INSTITUTIONAL BUILDING CONSTRUCTION,,
P010204209-0,0003,N6600113D0046,39750.00,2014-04-22,2014,4,097,DEPARTMENT OF DEFENSE (DOD),1700,DEPT OF THE NAVY,N66001,SPACE AND NAVAL WARFARE SYSTEMS,BIG BEND NATIONAL PARK,TX,798340007,USA,078883327,SCIENCE APPLICATIONS INTERNATIONAL CORPORATION,141869268,"ALLSTATE TOWER, INC.",,,232 HEILMAN AVE,HENDERSON,KY,424202854,01,USA,,,HENDERSON,KY,424203072,01,USA,"TOWER STRUCTUAL ANALYSIS
 ",541330,ENGINEERING SERVICES,,
13963,GSP0614GZ5050,GS06P12GZD0016,39000.00,2015-01-02,2015,2,047,GENERAL SERVICES ADMINISTRATION (GSA),4740,PUBLIC BUILDINGS SERVICE,GZ000,GSA/PUBLIC BUILDINGS SERVICE,DES MOINES,IA,503092115,USA,007988363,"NEUMANN BROTHERS, INC.",044751626,CENTRAL STATES ROOFING CO.,,044751626,1811 E LINCOLN WAY,AMES,IA,500106543,04,USA,,,DES MOINES,IA,500106543,04,CA,"ROOFING AND SHEET METAL FOR THE GSA DHS ICE EXPANSION PROJECT AT THE NEAL SMITH FEDERAL BUILDING IN DES MOINES, IOWA.",236220,COMMERCIAL AND INSTITUTIONAL BUILDING CONSTRUCTION,,
3203-0001 MOD 1 AAL CPAS,HSCEMS13F00026,HSCEMS12A00017,38047.20,2012-10-12,2013,4,070,DEPARTMENT OF HOMELAND SECURITY (DHS),7012,U.S. IMMIGRATION AND CUSTOMS ENFORCEMENT,70CMSW,MISSION SUPPORT WASHINGTON,WASHINGTON,DC,202290009,USA,187107958,DELOITTE & TOUCHE L.L.P.,780241071,"AHMAD ASSOCIATES, LIMITED, A PROFESSIONAL CORPORATION",,,8230 OLD COURTHOUSE RD STE 210,VIENNA,VA,221823853,11,USA,,,WASHINGTON,DC,202290009,AL,USA,MOD 1 TO DHS ICE OCFO BASS TASK ORDER FUNDING INCREASE FOR SUPPORT,541219,OTHER ACCOUNTING SERVICES,,
15248,GSP0617GZ0006,GS06P16GZD7010,37178.80,2017-04-20,2017,5,047,GENERAL SERVICES ADMINISTRATION (GSA),4740,PUBLIC BUILDINGS SERVICE,47PG02,PBS R6,DES MOINES,IA,503092115,USA,007988363,"NEUMANN BROTHERS, INC.",124623039,SAMPSON PARTNERS LLC,,,2244 S BROOK DR,FLEMING ISLAND,FL,320038610,06,USA,,,DES MOINES,IA,503092115,03,USA,FURNISH GYMNASIUM EQUIPMENT FOR THE GSA ICE PHASE II PROJECT.,236220,COMMERCIAL AND INSTITUTIONAL BUILDING CONSTRUCTION,,
914780,HSCEMS17J00130,HSCEMS16A00003,34860.00,2017-07-18,2017,7,070,DEPARTMENT OF HOMELAND SECURITY (DHS),7012,U.S. IMMIGRATION AND CUSTOMS ENFORCEMENT,70CMSW,MISSION SUPPORT WASHINGTON,ALTOONA,PA,166015214,USA,027079776,"ATLANTIC DIVING SUPPLY, INC.",122302987,SIG SAUER INC.,,312687681,72 PEASE BLVD,NEWINGTON,NH,038016801,01,USA,,,NEWINGTON,NH,038016801,01,USA,TACTICAL GEAR,332994,"SMALL ARMS, ORDNANCE, AND ORDNANCE ACCESSORIES MANUFACTURING",,
P000037802-1,HSCEMS16J00065,HSSS0112D0020,34475.70,2017-04-21,2017,4,070,DEPARTMENT OF HOMELAND SECURITY (DHS),7012,U.S. IMMIGRATION AND CUSTOMS ENFORCEMENT,70CMSW,MISSION SUPPORT WASHINGTON,WASHINGTON,DC,200650003,USA,616205675,"CACI-ISS, INC.",022662480,WERRES CORPORATION,,022662480,807 E SOUTH ST,FREDERICK,MD,217015737,06,USA,,,FREDERICK,MD,217015737,06,USA,RADIO AND TELEVISION BROADCASTING AND WIRELESS COMMUNICATIONS EQUIPMENT MANUFACTURING ,334220,RADIO AND TELEVISION BROADCASTING AND WIRELESS COMMUNICATIONS EQUIPMENT MANUFACTURING,,
20130508-02,GSP0613GZ5019,GS06P12GZD0008,33840.00,2013-05-08,2014,1,047,GENERAL SERVICES ADMINISTRATION (GSA),4740,PUBLIC BUILDINGS SERVICE,GZ000,GSA/PUBLIC BUILDINGS SERVICE,SAINT LOUIS,MO,631032818,USA,007849045,"HOF CONSTRUCTION, INC.",964686245,"GREEN ROOF BLOCKS, LLC",,,10 BAY OAKS CT,LAKE SAINT LOUIS,MO,633672126,09,USA,,,SAINT LOUIS,MO,631032818,01,USA,FURNISH AND INSTALL GREEN ROOF BLOCK SYSTEM.,236220,COMMERCIAL AND INSTITUTIONAL BUILDING CONSTRUCTION,,
3326-0001 TO13,HSCEMS13F00026,HSCEMS12A00017,32352.00,2013-02-28,2013,4,070,DEPARTMENT OF HOMELAND SECURITY (DHS),7012,U.S. IMMIGRATION AND CUSTOMS ENFORCEMENT,70CMSW,MISSION SUPPORT WASHINGTON,WASHINGTON,DC,202290009,USA,187107958,DELOITTE & TOUCHE L.L.P.,131873457,"WHITNEY, BRADLEY & BROWN INC.",,131873457,11790 SUNRISE VALLEY DR,RESTON,VA,201911440,08,USA,,,WASHINGTON,DC,202290009,AL,USA,DHS ICE OCFO BASS TASK ORDER SUPPORT,541219,OTHER ACCOUNTING SERVICES,,
13955,GSP0614GZ5050,GS06P12GZD0016,32245.00,2015-01-02,2015,2,047,GENERAL SERVICES ADMINISTRATION (GSA),4740,PUBLIC BUILDINGS SERVICE,GZ000,GSA/PUBLIC BUILDINGS SERVICE,DES MOINES,IA,503092115,USA,007988363,"NEUMANN BROTHERS, INC.",059126701,SUMMIT FIRE PROTECTION CO.,,059126701,575 MINNEHAHA AVE W,SAINT PAUL,MN,551031573,04,USA,,,DES MOINES,IA,503227910,03,USA,"FIRE SPRINKLER SYSTEM FOR THE GSA DHS ICE EXPANSION PROJECT AT THE NEAL SMITH FEDERAL BUILDING IN DES MOINES, IOWA.",236220,COMMERCIAL AND INSTITUTIONAL BUILDING CONSTRUCTION,,
PO00711558,HSCEMS13J00002,HSCEMD09A00004,32000.00,2013-01-16,2013,2,070,DEPARTMENT OF HOMELAND SECURITY (DHS),7012,U.S. IMMIGRATION AND CUSTOMS ENFORCEMENT,MSDC0,MISSION SUPPORT WASHINGTON,VIRGINIA BEACH,VA,234527369,USA,027079776,ATLANTIC DIVING SUPPLY INCORPORATED,192372860,L-3 INSIGHT TECHNOLOGY INCORPORATED,,008898843,9 AKIRA WAY,LONDONDERRY,NH,030532000,01,USA,,,LONDONBERRY,NH,030532000,01,USA,PROVIDE 100 HOLOGRAPHIC WEAPON SIGHTS,315999,OTHER APPAREL ACCESSORIES AND OTHER APPAREL MANUFACTURING,,
15222,GSP0617GZ0006,GS06P16GZD7010,31946.00,2017-03-03,2017,4,047,GENERAL SERVICES ADMINISTRATION (GSA),4740,PUBLIC BUILDINGS SERVICE,47PG02,PBS R6,DES MOINES,IA,503092115,USA,007988363,"NEUMANN BROTHERS, INC.",877202499,"MIDWEST CAULKING, INC.",,,107 S 11TH ST,WEST DES MOINES,IA,502654410,03,USA,,,DES MOINES,IA,503143120,03,USA,CAULKING AND SEALANTS,236220,COMMERCIAL AND INSTITUTIONAL BUILDING CONSTRUCTION,,
P000021750,0011,N6600113D0047,31365.00,2014-11-25,2015,2,097,DEPARTMENT OF DEFENSE (DOD),1700,DEPT OF THE NAVY,N66001,SPACE AND NAVAL WARFARE SYSTEMS,EL CENTRO,CA,922445282,USA,928859149,SERCO INC.,059811347,ELITE MICROWAVE SOLUTIONS CORPORATION,,,101 N COLORADO ST. 2975,CHANDLER,AZ,852446120,06,USA,,,SAN DIEGO,CA,921525001,53,USA,ENGINEERING SUPPORT,541330,ENGINEERING SERVICES,,
PO23219,HSCEMS16J00102,HSBP1014D00035,30489.00,2016-09-20,2016,9,070,DEPARTMENT OF HOMELAND SECURITY (DHS),7012,U.S. IMMIGRATION AND CUSTOMS ENFORCEMENT,70CMSW,MISSION SUPPORT WASHINGTON,LA VERNE,CA,917505818,USA,861004349,AARDVARK,832176382,"TASER INTERNATIONAL, INC.",,832176382,17800 N 85TH ST,SCOTTSDALE,AZ,852556311,05,USA,,,SCOTTSDALE,AZ,852556311,05,USA,SPECIALITY MUNITIONS TASER PARTS ,332994,"SMALL ARMS, ORDNANCE, AND ORDNANCE ACCESSORIES MANUFACTURING",,
16110-2206,GSP0616GZ7019,GS06P12GZD0024,30415.00,2016-01-15,2015,9,047,GENERAL SERVICES ADMINISTRATION (GSA),4740,PUBLIC BUILDINGS SERVICE,47PG02,PBS R6,SAINT LOUIS,MO,631032818,USA,002828853,TARLTON CORPORATION,031002058,AIR MASTERS CORPORATION,,031002058,1055 CASSENS INDUSTRIAL CT,FENTON,MO,630262500,02,USA,,,ST. LOUIS,MO,631032818,01,USA,"CHANGE ORDERS 3, 4, 5",236220,COMMERCIAL AND INSTITUTIONAL BUILDING CONSTRUCTION,,
20130509-01,GSP0613GZ5019,GS06P12GZD0008,30000.00,2013-05-09,2014,1,047,GENERAL SERVICES ADMINISTRATION (GSA),4740,PUBLIC BUILDINGS SERVICE,GZ000,GSA/PUBLIC BUILDINGS SERVICE,SAINT LOUIS,MO,631032818,USA,007849045,"HOF CONSTRUCTION, INC.",030072330,GATEWAY DRYWALL INC.,,,6702 KEATON CORP PKWY #102,O FALLON,MO,633688680,02,USA,,,SAINT LOUIS,MO,631032818,01,USA,"FURNISH AND INSTALL FRAMING MATERIALS, DRYWALL, TAPE AND JOINT COMPOUND.",236220,COMMERCIAL AND INSTITUTIONAL BUILDING CONSTRUCTION,,
216003,GSP0716UF7028,GS07P15HHD0040,28893.00,2016-06-20,2016,7,047,GENERAL SERVICES ADMINISTRATION (GSA),4740,PUBLIC BUILDINGS SERVICE,47PH06,PBS R7 - NON-PROSPECTUS PROJECTS,ALBUQUERQUE,NM,871069704,USA,831982199,"VELIZ COMPANY, LLC",601775422,"EL PASO A.R.C. ELECTRIC, INC.",,,8010 NORTH LOOP DR,EL PASO,TX,799153226,16,USA,,,ALBUQUERQUE,NM,871069704,01,USA,"FURNISH AND INSTALL SPLIT SYSTEM AT ROOMS 260, 261 AND 108B  AT THE U.S CUSTOMS AND IMMIGRATION ENFORCEMENT BUILDING",236220,COMMERCIAL AND INSTITUTIONAL BUILDING CONSTRUCTION,,
20130508-04,GSP0613GZ5019,GS06P12GZD0008,27395.00,2013-05-08,2014,1,047,GENERAL SERVICES ADMINISTRATION (GSA),4740,PUBLIC BUILDINGS SERVICE,GZ000,GSA/PUBLIC BUILDINGS SERVICE,SAINT LOUIS,MO,631032818,USA,007849045,"HOF CONSTRUCTION, INC.",060559341,"D. H. PACE COMPANY, INC.",,173703885,12046 LACKLAND,SAINT LOUIS,MO,631464002,01,USA,,,SAINT LOUIS,MO,631032818,01,USA,FURNISH AND INSTALL TWO OVERHEAD DOORS.,236220,COMMERCIAL AND INSTITUTIONAL BUILDING CONSTRUCTION,,
QINETIQ311ICE,HSCETC11F00006,GS06F0631Z,26520.00,2012-03-12,2012,5,070,DEPARTMENT OF HOMELAND SECURITY (DHS),7012,U.S. IMMIGRATION AND CUSTOMS ENFORCEMENT,70CTD0,INFORMATION TECHNOLOGY DIVISION,ROCKVILLE,MD,208506379,USA,964553812,"INFOZEN, LLC",827599759,"QINETIQ NORTH AMERICA, INC.",,733131788,2677 PROSPERITY AVE STE 400,FAIRFAX,VA,220314929,11,USA,,,WASHINGTON,DC,200052710,AL,USA,"THE CONTRACTOR SHALL PROVIDE OVERALL PROGRAM MANAGEMENT FOR THE DELIVERY OF ALL ENGINEERING SERVICES UNDER THIS REQUIREMENT.  THE CONTRACTOR SHALL PROVIDE EXPERIENCED PERSONNEL TO SUPPORT ONGOING AND ALL NEW INFORMATION TECHNOLOGY ENGINEERING WORK INCLUDING, BUT NOT LIMITED TO, INFRASTRUCTURE MODERNIZATION PROJECTS, APPLICATION MODERNIZATION PROJECTS, AND ANY NEW OCIO DIRECTED IT INITIATIVES INCLUDING DISASTER RECOVERY ACTIVITIES FOR THOSE PROJECTS OR INITIATIVES.  MIGRATIONS SUCH AS PHYSICAL INFRASTRUCTURE, SYSTEMS, OR PLATFORM MIGRATION OF SYSTEMS MAY ALSO BE REQUIRED.",541512,COMPUTER SYSTEMS DESIGN SERVICES,,
1200301184,HSCETE11J00030,HSHQDC10A00106,26045.83,2011-03-10,2015,8,070,DEPARTMENT OF HOMELAND SECURITY (DHS),7012,U.S. IMMIGRATION AND CUSTOMS ENFORCEMENT,TE000,INFORMATION TECHNOLOGY COMMODITIES,HERNDON,VA,201715219,USA,107939357,GTSI CORPORATION,064696941,SYMANTEC CORPORATION,,064696941,350 ELLIS ST,MOUNTAIN VIEW,CA,940432202,14,USA,,,DALLAS,TX,75284,30,USA,DHS SYMANTEC BPA,443120,COMPUTER AND SOFTWARE STORES,,
20130513-01,GSP0613GZ5019,GS06P12GZD0008,25600.00,2013-05-13,2014,1,047,GENERAL SERVICES ADMINISTRATION (GSA),4740,PUBLIC BUILDINGS SERVICE,GZ000,GSA/PUBLIC BUILDINGS SERVICE,SAINT LOUIS,MO,631032818,USA,007849045,"HOF CONSTRUCTION, INC.",150528719,"CORPORATE INTERIORS, INC.",,,11840 WESTLINE INDUSTRIAL DR STE 100,SAINT LOUIS,MO,631463313,01,USA,,,SAINT LOUIS,MO,631032818,01,USA,"FURNISH AND INSTALL RESILIENT TILE, CARPET, AND WALL BASE.",236220,COMMERCIAL AND INSTITUTIONAL BUILDING CONSTRUCTION,,
14165,GSP0614GZ5050,GS06P12GZD0016,25480.00,2015-05-14,2015,6,047,GENERAL SERVICES ADMINISTRATION (GSA),4740,PUBLIC BUILDINGS SERVICE,GZ000,GSA/PUBLIC BUILDINGS SERVICE,DES MOINES,IA,503092115,USA,007988363,"NEUMANN BROTHERS, INC.",147825645,RAMMS CONSTRUCTION LLC,,,204 E LINN ST STE 1,MARSHALLTOWN,IA,501582963,04,USA,,,DES MOINES,IA,503092115,03,USA,"CONCRETE WORK FOR THE DHS ICE SALLYPORT PROJECT AT THE FEDERAL BUILDING IN DES MOINES, IOWA.",236220,COMMERCIAL AND INSTITUTIONAL BUILDING CONSTRUCTION,,
PO25323,70CMSW18FR0000008,HSBP1015D00020,24736.35,2018-01-12,2018,3,070,DEPARTMENT OF HOMELAND SECURITY (DHS),7012,U.S. IMMIGRATION AND CUSTOMS ENFORCEMENT,70CMSW,MISSION SUPPORT WASHINGTON,LA VERNE,CA,917505818,USA,861004349,AARDVARK,090161188,"SAFARILAND, LLC",,078602866,13386 INTERNATIONAL PKWY,JACKSONVILLE,FL,322182383,04,USA,,,JACKSONVILLE,FL,322182383,04,USA,MUNITIONS,332993,AMMUNITION (EXCEPT SMALL ARMS) MANUFACTURING,,
1200300472,HSCETE11J00030,HSHQDC10A00106,24604.07,2011-03-01,2015,8,070,DEPARTMENT OF HOMELAND SECURITY (DHS),7012,U.S. IMMIGRATION AND CUSTOMS ENFORCEMENT,TE000,INFORMATION TECHNOLOGY COMMODITIES,HERNDON,VA,201715219,USA,107939357,GTSI CORPORATION,064696941,SYMANTEC CORPORATION,,064696941,350 ELLIS ST,MOUNTAIN VIEW,CA,940432202,14,USA,,,DALLAS,TX,75284,30,USA,DHS SYMANTEC BPA,443120,COMPUTER AND SOFTWARE STORES,,
20130530-01,GSP0613GZ5019,GS06P12GZD0008,22450.00,2013-05-30,2014,1,047,GENERAL SERVICES ADMINISTRATION (GSA),4740,PUBLIC BUILDINGS SERVICE,GZ000,GSA/PUBLIC BUILDINGS SERVICE,SAINT LOUIS,MO,631032818,USA,007849045,"HOF CONSTRUCTION, INC.",603529181,BUSY BEE PAVING INC,,,5976 HOWDERSHELL RD STE 107,HAZELWOOD,MO,630424106,01,USA,,,SAINT LOUIS,MO,631032818,01,USA,PROVIDE ASPHALT SERVICE,236220,COMMERCIAL AND INSTITUTIONAL BUILDING CONSTRUCTION,,
16110-2781,GSP0616GZ7019,GS06P12GZD0024,21541.00,2016-05-26,2016,6,047,GENERAL SERVICES ADMINISTRATION (GSA),4740,PUBLIC BUILDINGS SERVICE,47PG02,PBS R6,SAINT LOUIS,MO,631032818,USA,002828853,TARLTON CORPORATION,806325986,"CENTRIC SECURITY & AUTOMATION, INC.",,,13 GATEWAY DR,COLLINSVILLE,IL,622346107,19,USA,,,ST. LOUIS,MO,631032818,01,USA,CHANGE ORDERS 1 AND 2,236220,COMMERCIAL AND INSTITUTIONAL BUILDING CONSTRUCTION,,
P010204209-0,0003,N6600113D0046,20010.00,2014-04-22,2014,6,097,DEPARTMENT OF DEFENSE (DOD),1700,DEPT OF THE NAVY,N66001,SPACE AND NAVAL WARFARE SYSTEMS,BIG BEND NATIONAL PARK,TX,798340007,USA,078883327,SCIENCE APPLICATIONS INTERNATIONAL CORPORATION,141869268,"ALLSTATE TOWER, INC.",,,232 HEILMAN AVE,HENDERSON,KY,424202854,01,USA,,,HENDERSON,KY,424203072,01,USA,"MICROWAVE TOWER STRUCTURAL ASSESSMENT SERVICES
 ",541330,ENGINEERING SERVICES,,
13GEP08-13902,GSP0713UK5036,GS07P99HHD0094,19785.00,2013-11-30,2014,2,047,GENERAL SERVICES ADMINISTRATION (GSA),4740,PUBLIC BUILDINGS SERVICE,UK000,GSA/PBS  BORDER SECTION,EL PASO,TX,799012415,USA,122361173,RAYCO CONSTRUCTION INCORPORATED (0813),826312345,WESTERN STATES FIRE PROTECTION COMPANY,,035854939,1031 HAWKINS BLVD,EL PASO,TX,799150000,16,USA,,,EL ASO,TX,799012415,16,USA,FIRE PROTECTION,233320,,,
20130524-01,GSP0613GZ5019,GS06P12GZD0008,19545.00,2013-05-24,2014,1,047,GENERAL SERVICES ADMINISTRATION (GSA),4740,PUBLIC BUILDINGS SERVICE,GZ000,GSA/PUBLIC BUILDINGS SERVICE,SAINT LOUIS,MO,631032818,USA,007849045,"HOF CONSTRUCTION, INC.",829273577,"ACOUSTICAL CEILING SPECIALISTS, LLC",,,3492 FOXBOROUGH CIR,SAINT CHARLES,MO,633014102,02,USA,,,SAINT CHARLES,MO,631032818,01,USA,FURNISH AND INSTALL ACOUSTIC CEILING.,236220,COMMERCIAL AND INSTITUTIONAL BUILDING CONSTRUCTION,,
16110-0813,GSP0616GZ7019,GS06P12GZD0024,17423.00,2016-05-25,2015,9,047,GENERAL SERVICES ADMINISTRATION (GSA),4740,PUBLIC BUILDINGS SERVICE,47PG02,PBS R6,SAINT LOUIS,MO,631032818,USA,002828853,TARLTON CORPORATION,071998207,"JOHN BENDER, INC.",,071998207,2600 ENDICOTT AVE,SAINT LOUIS,MO,631145113,01,USA,,,ST. LOUIS,MO,631032818,01,USA,CHANGE ORDERS 3,236220,COMMERCIAL AND INSTITUTIONAL BUILDING CONSTRUCTION,,
16110-1415,GSP0616GZ7019,GS06P12GZD0024,16637.00,2016-05-26,2016,6,047,GENERAL SERVICES ADMINISTRATION (GSA),4740,PUBLIC BUILDINGS SERVICE,47PG02,PBS R6,SAINT LOUIS,MO,631032818,USA,002828853,TARLTON CORPORATION,024416096,"BELL ELECTRICAL CONTRACTORS,INC.",,006962286,128 MILLWELL DR,MARYLAND HEIGHTS,MO,630432510,01,USA,,,ST. LOUIS,MO,631032818,01,USA,CHANGE ORDER 1 AND 2,236220,COMMERCIAL AND INSTITUTIONAL BUILDING CONSTRUCTION,,
16110-1055,GSP0616GZ7019,GS06P12GZD0024,15919.00,2016-11-03,2016,10,047,GENERAL SERVICES ADMINISTRATION (GSA),4740,PUBLIC BUILDINGS SERVICE,47PG02,PBS R6,SAINT LOUIS,MO,631032818,USA,002828853,TARLTON CORPORATION,031002058,AIR MASTERS CORPORATION,,031002058,1055 CASSENS INDUSTRIAL CT,FENTON,MO,630262500,02,USA,,,ST. LOUIS,MO,630262500,02,USA,CHANGE ORDER 6,236220,COMMERCIAL AND INSTITUTIONAL BUILDING CONSTRUCTION,,
20130617-01,GSP0613GZ5019,GS06P12GZD0008,11792.00,2013-06-17,2014,1,047,GENERAL SERVICES ADMINISTRATION (GSA),4740,PUBLIC BUILDINGS SERVICE,GZ000,GSA/PUBLIC BUILDINGS SERVICE,SAINT LOUIS,MO,631032818,USA,007849045,"HOF CONSTRUCTION, INC.",029786357,"H & G SALES, INC.",,,11635 LACKLAND RD,SAINT LOUIS,MO,631463526,01,USA,,,SAINT LOUIS,MO,631032818,01,USA,"FURNISH HOLLOW METAL DOOR FRAMES, DOORS, AND FLUSH WOOD DOORS.",236220,COMMERCIAL AND INSTITUTIONAL BUILDING CONSTRUCTION,,
20130507-03,GSP0613GZ5019,GS06P12GZD0008,11240.00,2013-05-07,2014,1,047,GENERAL SERVICES ADMINISTRATION (GSA),4740,PUBLIC BUILDINGS SERVICE,GZ000,GSA/PUBLIC BUILDINGS SERVICE,SAINT LOUIS,MO,631032818,USA,007849045,"HOF CONSTRUCTION, INC.",056194137,H & H SHEET METAL & CONTRACTING COMPANY INC,,,411 SAINT LOUIS AVE,VALLEY PARK,MO,630881823,02,USA,,,SAINT LOUIS,MO,631032818,01,USA,PROVIDE AND INSTALL ROOF SPECIALTIES AND ACCESSORIES.,236220,COMMERCIAL AND INSTITUTIONAL BUILDING CONSTRUCTION,,
1200301493,HSCETE11J00030,HSHQDC10A00106,11061.06,2011-03-15,2015,8,070,DEPARTMENT OF HOMELAND SECURITY (DHS),7012,U.S. IMMIGRATION AND CUSTOMS ENFORCEMENT,TE000,INFORMATION TECHNOLOGY COMMODITIES,HERNDON,VA,201715219,USA,107939357,GTSI CORPORATION,064696941,SYMANTEC CORPORATION,,064696941,350 ELLIS ST,MOUNTAIN VIEW,CA,940432202,14,USA,,,DALLAS,TX,75284,30,USA,DHS SYMANTEC BPA,443120,COMPUTER AND SOFTWARE STORES,,
20130510-01,GSP0613GZ5019,GS06P12GZD0008,10675.00,2013-05-10,2014,1,047,GENERAL SERVICES ADMINISTRATION (GSA),4740,PUBLIC BUILDINGS SERVICE,GZ000,GSA/PUBLIC BUILDINGS SERVICE,SAINT LOUIS,MO,631032818,USA,007849045,"HOF CONSTRUCTION, INC.",157240248,C R PAINTING & MORE INC,,,1250 WOODRIDGE TRAILS DR,FENTON,MO,630262326,02,USA,,,SAINT LOUIS,MO,631032818,01,USA,FURNISH AND INSTALL PAINT.,236220,COMMERCIAL AND INSTITUTIONAL BUILDING CONSTRUCTION,,
16110-0813,GSP0616GZ7019,GS06P12GZD0024,9079.00,2016-05-25,2016,7,047,GENERAL SERVICES ADMINISTRATION (GSA),4740,PUBLIC BUILDINGS SERVICE,47PG02,PBS R6,SAINT LOUIS,MO,631032818,USA,002828853,TARLTON CORPORATION,071998207,"JOHN BENDER, INC.",,071998207,2600 ENDICOTT AVE,SAINT LOUIS,MO,631145113,01,USA,,,ST. LOUIS,MO,631032818,01,USA,CHANGE ORDERS 1 AND 2,236220,COMMERCIAL AND INSTITUTIONAL BUILDING CONSTRUCTION,,
16110-1415,GSP0616GZ7019,GS06P12GZD0024,7377.00,2016-01-15,2015,9,047,GENERAL SERVICES ADMINISTRATION (GSA),4740,PUBLIC BUILDINGS SERVICE,47PG02,PBS R6,SAINT LOUIS,MO,631032818,USA,002828853,TARLTON CORPORATION,024416096,"BELL ELECTRICAL CONTRACTORS,INC.",,006962286,128 MILLWELL DR,MARYLAND HEIGHTS,MO,630432510,01,USA,,,ST. LOUIS,MO,631032818,01,USA,CHANGE ORDER 4,236220,COMMERCIAL AND INSTITUTIONAL BUILDING CONSTRUCTION,,
16110-2206,GSP0616GZ7019,GS06P12GZD0024,6856.00,2016-05-26,2016,6,047,GENERAL SERVICES ADMINISTRATION (GSA),4740,PUBLIC BUILDINGS SERVICE,47PG02,PBS R6,SAINT LOUIS,MO,631032818,USA,002828853,TARLTON CORPORATION,031002058,AIR MASTERS CORPORATION,,031002058,1055 CASSENS INDUSTRIAL CT,FENTON,MO,630262500,02,USA,,,ST. LOUIS,MO,631032818,01,USA,CHANGE ORDERS 1 AND 2,236220,COMMERCIAL AND INSTITUTIONAL BUILDING CONSTRUCTION,,
1200315025,HSCETE12J00001,HSHQDC10A00106,6577.24,2011-11-18,2015,8,070,DEPARTMENT OF HOMELAND SECURITY (DHS),7012,U.S. IMMIGRATION AND CUSTOMS ENFORCEMENT,TE000,INFORMATION TECHNOLOGY COMMODITIES,WASHINGTON,DC,205365000,USA,107939357,GTSI CORPORATION,088365767,CARAHSOFT TECHNOLOGY CORP.,,,"1860 MICHAEL FARADAY DR, SUITE 100",RESTON,VA,201905328,08,USA,,,RESTON,VA,20191,10,USA,DHS SYMANTEC BPA,443120,COMPUTER AND SOFTWARE STORES,,
16110-1415,GSP0616GZ7019,GS06P12GZD0024,4757.00,2016-01-15,2016,7,047,GENERAL SERVICES ADMINISTRATION (GSA),4740,PUBLIC BUILDINGS SERVICE,47PG02,PBS R6,SAINT LOUIS,MO,631032818,USA,002828853,TARLTON CORPORATION,024416096,"BELL ELECTRICAL CONTRACTORS,INC.",,006962286,128 MILLWELL DR,MARYLAND HEIGHTS,MO,630432510,01,USA,,,ST. LOUIS,MO,631032818,01,USA,CHANGE ORDER 3,236220,COMMERCIAL AND INSTITUTIONAL BUILDING CONSTRUCTION,,
104801SB0A,HSCECR12F00003,GS23F9755H,3810.00,2014-05-30,2014,5,070,DEPARTMENT OF HOMELAND SECURITY (DHS),7012,U.S. IMMIGRATION AND CUSTOMS ENFORCEMENT,70CDCR,DETENTION COMPLIANCE AND REMOVALS,WASHINGTON,DC,205365000,USA,006928857,BOOZ ALLEN HAMILTON INCORPORATED (3626),964803600,"FALK CONSULTING, LLC, D.",,,5625 MENDELMORE WAY,HAYMARKET,VA,201692677,11,USA,,,"WASHINGTON, DC METROPLITAN AREA",DC,200242199,AL,USA,"PROVIDE EXECUTIVE COACHING SERVICES TO SENIOR LEADERS TO SUPPORT THEM IN THE PURSUIT OF THEIR LEADERSHIP DEVELOPMENT GOALS. GENERAL EXPECTED OUTCOMES INCLUDE ACTIVE ENGAGEMENT, INCREASED AWARENESS, & NEW SKILLS/ABILITIES.",541611,ADMINISTRATIVE MANAGEMENT AND GENERAL MANAGEMENT CONSULTING SERVICES,,
1200304648,HSCETE11J00030,HSHQDC10A00106,2663.78,2011-05-06,2015,8,070,DEPARTMENT OF HOMELAND SECURITY (DHS),7012,U.S. IMMIGRATION AND CUSTOMS ENFORCEMENT,TE000,INFORMATION TECHNOLOGY COMMODITIES,HERNDON,VA,201715219,USA,107939357,GTSI CORPORATION,088365767,CARAHSOFT TECHNOLOGY CORP.,,,"1860 MICHAEL FARADAY DR, SUITE 100",RESTON,VA,201905328,08,USA,,,RESTON,VA,20191,10,USA,DHS SYMANTEC BPA,443120,COMPUTER AND SOFTWARE STORES,,
104806SB0A,HSCECR12F00003,GS23F9755H,2560.00,2014-05-20,2014,5,070,DEPARTMENT OF HOMELAND SECURITY (DHS),7012,U.S. IMMIGRATION AND CUSTOMS ENFORCEMENT,70CDCR,DETENTION COMPLIANCE AND REMOVALS,WASHINGTON,DC,205365000,USA,006928857,BOOZ ALLEN HAMILTON INCORPORATED (3626),009260337,"ALPHA-OMEGA CHANGE ENGINEERING, INC.",,,6 MANHATTAN SQ STE 100,HAMPTON,VA,236665846,03,USA,,,HAMPTON,VA,236665846,03,USA,"EXECUTIVE COACHING TO IMPROVE EFFECTIVENESS, MANAGE CHANGE, AND ENHANCE THE QUALITY OF PERFORMANCE, AID IN DEVELOPING A HIGH PERFORMING STAFF FOR DHS ICE LESA",541611,ADMINISTRATIVE MANAGEMENT AND GENERAL MANAGEMENT CONSULTING SERVICES,,
104805SB0A,HSCECR12F00003,GS23F9755H,2560.00,2014-05-30,2014,5,070,DEPARTMENT OF HOMELAND SECURITY (DHS),7012,U.S. IMMIGRATION AND CUSTOMS ENFORCEMENT,70CDCR,DETENTION COMPLIANCE AND REMOVALS,WASHINGTON,DC,205365000,USA,006928857,BOOZ ALLEN HAMILTON INCORPORATED (3626),079358670,POINT ROAD STUDIOS LLC,,,1211 OTIS PLACE NW,WASHINGTON,DC,200101499,AL,USA,,,RIVERDALE,MD,207371002,05,USA,EXECUTIVE COACHING FOR TWO SENIOR EXECUTIVES WITHIN ICE PROGRAM. ANTICIPATED RESULTS INCLUDE GREATER AWARENESS OF CLIENT AS LEADER AND CONSEQUENTLY POWER TO MAKE CHOICES THAT OPTIMIZE LEADERSHIP IMPACT.,541611,ADMINISTRATIVE MANAGEMENT AND GENERAL MANAGEMENT CONSULTING SERVICES,,
PO# 7299,HSCEDM12J00013,GS07F0082J,2240.02,2011-12-22,2012,1,070,DEPARTMENT OF HOMELAND SECURITY (DHS),7012,U.S. IMMIGRATION AND CUSTOMS ENFORCEMENT,ACL00,DETENTION MANAGEMENT - LAGUNA OFFICE,COLUMBIA,SC,292012657,USA,197617756,DIETARY EQUIPMENT COMPANY INC,196675706,G.S. BLODGETT CORPORATION,,088932108,44 LAKESIDE AVE,BURLINGTON,VT,054015242,AL,USA,,,BURLINGTON,VT,054015242,AL,USA,"MODEL# DFG200 DOUBLE CONVECTION OVEN, GAS",333319,OTHER COMMERCIAL AND SERVICE INDUSTRY MACHINERY MANUFACTURING,,
1200309319,HSCETE11J00030,HSHQDC10A00106,1891.00,2011-08-01,2015,8,070,DEPARTMENT OF HOMELAND SECURITY (DHS),7012,U.S. IMMIGRATION AND CUSTOMS ENFORCEMENT,TE000,INFORMATION TECHNOLOGY COMMODITIES,HERNDON,VA,201715219,USA,107939357,GTSI CORPORATION,088365767,CARAHSOFT TECHNOLOGY CORP.,,,"1860 MICHAEL FARADAY DR, SUITE 100",RESTON,VA,201905328,08,USA,,,RESTON,VA,20191,10,USA,DHS SYMANTEC BPA,443120,COMPUTER AND SOFTWARE STORES,,
1200309316,HSCETE11J00030,HSHQDC10A00106,760.85,2011-08-01,2015,8,070,DEPARTMENT OF HOMELAND SECURITY (DHS),7012,U.S. IMMIGRATION AND CUSTOMS ENFORCEMENT,TE000,INFORMATION TECHNOLOGY COMMODITIES,HERNDON,VA,201715219,USA,107939357,GTSI CORPORATION,064696941,SYMANTEC CORPORATION,,064696941,350 ELLIS ST,MOUNTAIN VIEW,CA,940432202,14,USA,,,DALLAS,TX,75284,30,USA,DHS SYMANTEC BPA,443120,COMPUTER AND SOFTWARE STORES,,
1200301494,HSCETE11J00030,HSHQDC10A00106,245.40,2015-03-15,2015,8,070,DEPARTMENT OF HOMELAND SECURITY (DHS),7012,U.S. IMMIGRATION AND CUSTOMS ENFORCEMENT,TE000,INFORMATION TECHNOLOGY COMMODITIES,HERNDON,VA,201715219,USA,107939357,GTSI CORPORATION,088365767,CARAHSOFT TECHNOLOGY CORP.,,,"1860 MICHAEL FARADAY DR, SUITE 100",RESTON,VA,201905328,08,USA,,,RESTON,VA,20191,10,USA,DHS SYMANTEC BPA,443120,COMPUTER AND SOFTWARE STORES,,
1200312458,HSCETE11J00030,HSHQDC10A00106,115.12,2011-09-20,2015,8,070,DEPARTMENT OF HOMELAND SECURITY (DHS),7012,U.S. IMMIGRATION AND CUSTOMS ENFORCEMENT,TE000,INFORMATION TECHNOLOGY COMMODITIES,HERNDON,VA,201715219,USA,107939357,GTSI CORPORATION,088365767,CARAHSOFT TECHNOLOGY CORP.,,,"1860 MICHAEL FARADAY DR, SUITE 100",RESTON,VA,201905328,08,USA,,,RESTON,VA,20191,10,USA,DHS SYMANTEC BPA,443120,COMPUTER AND SOFTWARE STORES,,
16110-2079,GSP0616GZ7019,GS06P12GZD0024,0.00,2016-01-21,2016,2,047,GENERAL SERVICES ADMINISTRATION (GSA),4740,PUBLIC BUILDINGS SERVICE,47PG02,PBS R6,SAINT LOUIS,MO,631032818,USA,002828853,TARLTON CORPORATION,031010606,BICK GROUP INC.,,830332248,3140 RIVERPORT TECH CENTER DR,MARYLAND HEIGHTS,MO,630434825,02,USA,,,ST. LOUIS,MO,631032818,01,USA,ACCESS FLOORING,236220,COMMERCIAL AND INSTITUTIONAL BUILDING CONSTRUCTION,,
16110-1415,GSP0616GZ7019,GS06P12GZD0024,-4655.00,2016-01-15,2016,10,047,GENERAL SERVICES ADMINISTRATION (GSA),4740,PUBLIC BUILDINGS SERVICE,47PG02,PBS R6,SAINT LOUIS,MO,631032818,USA,002828853,TARLTON CORPORATION,024416096,"BELL ELECTRICAL CONTRACTORS,INC.",,006962286,128 MILLWELL DR,MARYLAND HEIGHTS,MO,630432510,01,USA,,,ST. LOUIS,MO,631032818,01,USA, 5,236220,COMMERCIAL AND INSTITUTIONAL BUILDING CONSTRUCTION,,
